brand,model,family
AC,Ace,Ace
AC,Aceca,Aceca
AC,Cobra,Cobra
AC,Frua Convertible,Frua Convertible
AC,Frua Coupe,Frua Coupe
Acura,ADX,ADX
Acura,CL,CL
Acura,CSX,CSX
Acura,EL,EL
Acura,ILX,ILX
Acura,Integra Coupe,Integra
Acura,Integra Sedan,Integra
Acura,Legend,Legend
Acura,Legend Coupe,Legend
Acura,MDX,MDX
Acura,NSX,NSX
Acura,RDX,RDX
Acura,RL,RL
Acura,RLX,RLX
Acura,RSX,RSX
Acura,RSX TYPE-S,RSX
Acura,SLX,SLX
Acura,TL,TL
Acura,TLX,TLX
Acura,TSX,TSX
Acura,ZDX,ZDX
Alfa Romeo,145,145
Alfa Romeo,146,146
Alfa Romeo,147 3 Doors,147
Alfa Romeo,147 5 Doors,147
Alfa Romeo,155,155
Alfa Romeo,156,156
Alfa Romeo,156 Sportwagon,156
Alfa Romeo,159,159
Alfa Romeo,159 Sportwagon,159
Alfa Romeo,164,164
Alfa Romeo,166,166
Alfa Romeo,1900,1900
Alfa Romeo,2000,2000
Alfa Romeo,24 HP,24 HP
Alfa Romeo,2600,2600
Alfa Romeo,33,33
Alfa Romeo,33 Sport Wagon,33
Alfa Romeo,4C,4C
Alfa Romeo,4C Spider,4C
Alfa Romeo,6,6
Alfa Romeo,6C,6C
Alfa Romeo,75,75
Alfa Romeo,8C,8C
Alfa Romeo,Alfasud,Alfasud
Alfa Romeo,Alfasud Giardinetta,Alfasud
Alfa Romeo,Alfasud Sprint,Alfasud
Alfa Romeo,Alfasud Ti,Alfasud
Alfa Romeo,Alfetta,Alfetta
Alfa Romeo,Arna,Arna
Alfa Romeo,Brera,Brera
Alfa Romeo,Crosswagon Q4,Crosswagon Q4
Alfa Romeo,GT,GT
Alfa Romeo,GTV,GTV
Alfa Romeo,Giulia,Giulia
Alfa Romeo,Giulia GTA,Giulia
Alfa Romeo,Giulia Quadrifoglio,Giulia
Alfa Romeo,Giulia Veloce,Giulia
Alfa Romeo,Giulietta,Giulietta
Alfa Romeo,Giulietta Quadrifoglio Verde,Giulietta
Alfa Romeo,Junior,Junior
Alfa Romeo,MiTo,MiTo
Alfa Romeo,MiTo Quadrifoglio Verde,MiTo
Alfa Romeo,MiTo Veloce,MiTo
Alfa Romeo,Montreal,Montreal
Alfa Romeo,RL,RL
Alfa Romeo,RM,RM
Alfa Romeo,Spider,Spider
Alfa Romeo,Sprint,Sprint
Alfa Romeo,Stelvio,Stelvio
Alfa Romeo,Stelvio Quadrifoglio,Stelvio
Alfa Romeo,Tipo 33,Tipo 33
Alfa Romeo,Tonale,Tonale
Alfa Romeo,Torpedo 20-30 HP,Torpedo 20-30 HP
Alpine,A106,A106
Alpine,A108,A108
Alpine,A110,A110
Alpine,A110S,A110S
Alpine,A290,A290
Alpine,A390,A390
Arcfox,Alpha S,Alpha S
Arcfox,Alpha T,Alpha T
Ariel,Atom,Atom
Ariel,Nomad,Nomad
Aro,10 Series,10 Series
Aro,24 Series,24 Series
Aro,IMS Series,IMS Series
Aro,M Series,M Series
Artega,GT,GT
Artega,Scalo,Scalo
Aston Martin,Cygnet,Cygnet
Aston Martin,DB AR1,DB AR1
Aston Martin,DB Mark III,DB Mark III
Aston Martin,DB11,DB11
Aston Martin,DB11 Volante,DB11
Aston Martin,DB12,DB12
Aston Martin,DB12 Volante,DB12
Aston Martin,DB2,DB2
Aston Martin,DB4,DB4
Aston Martin,DB5,DB5
Aston Martin,DB6,DB6
Aston Martin,DB6 Volante,DB6
Aston Martin,DB7,DB7
Aston Martin,DB7 Volante,DB7
Aston Martin,DB9,DB9
Aston Martin,DB9 Volante,DB9
Aston Martin,DBS,DBS
Aston Martin,DBS Volante,DBS
Aston Martin,DBX,DBX
Aston Martin,Lagonda,Lagonda
Aston Martin,One-77,One-77
Aston Martin,Rapide,Rapide
Aston Martin,Rapide AMR,Rapide
Aston Martin,Rapide E,Rapide
Aston Martin,Rapide S,Rapide
Aston Martin,V12 Speedster,V12 Speedster
Aston Martin,V12 Vantage,V12 Vantage
Aston Martin,V12 Vantage AMR,V12 Vantage
Aston Martin,V12 Vantage S Roadster,V12 Vantage
Aston Martin,V12 Zagato,V12 Zagato
Aston Martin,V8 Vantage,V8 Vantage
Aston Martin,V8 Vantage S,V8 Vantage
Aston Martin,V8 Vantage S Roadster,V8 Vantage S
Aston Martin,V8 Volante,V8 Volante
Aston Martin,Valhalla,Valhalla
Aston Martin,Vanquish,Vanquish
Aston Martin,Vanquish S,Vanquish
Aston Martin,Vanquish Volante,Vanquish
Aston Martin,Vantage GT12,Vantage GT12
Aston Martin,Vantage GT8,Vantage GT8
Aston Martin,Vantage Roadster,Vantage Roadster
Aston Martin,Virage,Virage
Aston Martin,Virage Volante,Virage
Aston Martin,Vulcan,Vulcan
Audi,100 Coupe,100 Coupe
Audi,100/ 200,100/ 200
Audi,100/ 200 Avant,100/ 200
Audi,80 Avant RS2,80 Avant RS2
Audi,80 Avant S2,80 Avant S2
Audi,80 S2,80 S2
Audi,80/ 90,80/ 90
Audi,80/ 90 Avant,80/ 90
Audi,90,80/ 90
Audi,A1,A1
Audi,A1 Quattro,A1
Audi,A1 Sportback,A1
Audi,A2,A2
Audi,A3,A3
Audi,A3 Cabriolet,A3
Audi,A3 Sedan,A3
Audi,A3 Sportback,A3
Audi,A3 allstreet,A3
Audi,A4,A4
Audi,A4 Allroad,A4
Audi,A4 Avant,A4
Audi,A4 Cabriolet,A4
Audi,A4 DTM Edition,A4
Audi,A5 Avant,A5
Audi,A5 Cabriolet,A5
Audi,A5 Coupe,A5
Audi,A5 Sedan,A5
Audi,A5 Sportback,A5
Audi,A6,A6
Audi,A6 Avant,A6
Audi,A6 Sportback,A6
Audi,A7,A7
Audi,A8,A8
Audi,A8 (D2),A8
Audi,Allroad,Allroad
Audi,Cabriolet,Cabriolet
Audi,Coupe,Coupe
Audi,Coupe S2,Coupe
Audi,E5 Sportback,E5 Sportback
Audi,Q2,Q2
Audi,Q3,Q3
Audi,Q3 Sportback,Q3
Audi,Q4 Sportback,Q4 Sportback
Audi,Q4 e-tron,Q4 e-tron
Audi,Q5,Q5
Audi,Q5 Sportback,Q5
Audi,Q6,Q6
Audi,Q6 Sportback,Q6
Audi,Q7,Q7
Audi,Q8,Q8
Audi,Q8 Sportback,Q8
Audi,Q8 e-tron,Q8
Audi,Quattro,Quattro
Audi,R8,R8
Audi,R8 GT,R8
Audi,R8 GT Spyder,R8 GT
Audi,R8 Spyder,R8
Audi,RS 3 Sedan,RS 3
Audi,RS 3 Sportback,RS 3
Audi,RS 4,RS 4
Audi,RS 4 Avant,RS 4
Audi,RS 4 Cabriolet,RS 4
Audi,RS 5,RS 5
Audi,RS Q3,RS Q3
Audi,RS Q8,RS Q8
Audi,RS5 Avant,RS 5
Audi,RS5 Cabriolet,RS 5
Audi,RS5 Sedan,RS 5
Audi,RS5 Sportback,RS 5
Audi,RS6,RS6
Audi,RS6 Avant,RS6
Audi,RS7 Sportback,RS7 Sportback
Audi,S1,S1
Audi,S1 Sportback,S1
Audi,S3,S3
Audi,S3 Cabriolet,S3
Audi,S3 Sedan,S3
Audi,S3 Sportback,S3
Audi,S4,S4
Audi,S4 Avant,S4
Audi,S4 Cabriolet,S4
Audi,S5,S5
Audi,S5 Avant,S5
Audi,S5 Cabriolet,S5
Audi,S5 Sportback,S5
Audi,S6,S6
Audi,S6 Avant,S6
Audi,S7 Sportback,S7 Sportback
Audi,S8,S8
Audi,S8 Plus,S8
Audi,SQ2,SQ2
Audi,SQ5,SQ5
Audi,SQ5 Sportback,SQ5
Audi,SQ6,SQ6
Audi,SQ6 Sportback,SQ6
Audi,SQ7,SQ7
Audi,SQ8,SQ8
Audi,SQ8 e-tron,SQ8
Audi,TT Coupe,TT
Audi,TT RS Coupe,TT
Audi,TT RS Roadster,TT
Audi,TT Roadster,TT
Audi,Typ R,Typ R
Audi,V8,V8
Audi,e-tron,e-tron
Audi,e-tron GT,e-tron
Audi,e-tron Sportback,e-tron
Aurus,Senat,Senat
BAIC Motor,BJ60,BJ60
BMW,1 Series,1 Series
BMW,1 Series 3 doors,1 Series
BMW,1 Series Cabriolet,1 Series
BMW,1 Series Coupe,1 Series
BMW,1 Series M Coupe,1 Series
BMW,1 Series Sedan,1 Series
BMW,1500/1600,1500/1600
BMW,2 Series Active Tourer,2 Series Active Tourer
BMW,2 Series Convertible,2 Series Convertible
BMW,2 Series Coupe,2 Series Coupe
BMW,2 Series Gran Coupe,2 Series Gran
BMW,2 Series Gran Tourer,2 Series Gran
BMW,2000 CS,2000 CS
BMW,2002,2002
BMW,2800 CS,2800 CS
BMW,3 Series Cabriolet,3 Series
BMW,3 Series Compact,3 Series Compact
BMW,3 Series Coupe,3 Series
BMW,3 Series Gran Turismo,3 Series Gran Turismo
BMW,3 Series Sedan,3 Series
BMW,3 Series Touring,3 Series
BMW,3.0 CSL,3.0 CSL
BMW,3.0 CSi,3.0 CSi
BMW,3/15 PS,3/15 PS
BMW,3/20 PS,3/20 PS
BMW,303,303
BMW,3200,3200
BMW,326,326
BMW,327,327
BMW,328,328
BMW,335,335
BMW,4 Series Convertible,4 Series Convertible
BMW,4 Series Coupe,4 Series Coupe
BMW,4 Series Gran Coupe,4 Series Gran Coupe
BMW,5 Series Gran Turismo,5 Series Gran Turismo
BMW,5 Series Sedan,5 Series
BMW,5 Series Touring,5 Series
BMW,501/502,501/502
BMW,502 Coupe,502 Coupe
BMW,503,503
BMW,507,507
BMW,6 Series Convertible,6 Series Convertible
BMW,6 Series Coupe,6 Series Coupe
BMW,6 Series Gran Coupe,6 Series Gran Coupe
BMW,6 Series Gran Turismo,6 Series Gran Turismo
BMW,7 Series,7 Series
BMW,8 Series,8 Series
BMW,8 Series Convertible,8 Series
BMW,8 Series Coupe,8 Series
BMW,8 Series Gran Coupe,8 Series
BMW,Isetta,Isetta
BMW,M1,M1
BMW,M2,M2
BMW,M2 CS,M2
BMW,M3 CS Touring,M3 CS Touring
BMW,M3 Cabriolet,M3
BMW,M3 Coupe,M3
BMW,M3 Sedan,M3
BMW,M3 Touring,M3
BMW,M4,M4
BMW,M4 CS,M4
BMW,M4 Convertible,M4
BMW,M4 GTS,M4
BMW,M5,M5
BMW,M5 Touring,M5
BMW,M6 Cabrio,M6
BMW,M6 Coupe,M6
BMW,M6 Gran Coupe,M6 Gran Coupe
BMW,M8 Convertible,M8 Convertible
BMW,M8 Coupe,M8 Coupe
BMW,M8 Gran Coupe,M8 Gran Coupe
BMW,X1,X1
BMW,X2,X2
BMW,X3,X3
BMW,X3 M,X3 M
BMW,X4,X4
BMW,X4 M,X4
BMW,X5,X5
BMW,X5 M,X5
BMW,X6,X6
BMW,X6 M,X6
BMW,X7,X7
BMW,XM,XM
BMW,Z1,Z1
BMW,Z3 Coupe,Z3
BMW,Z3 Roadster,Z3
BMW,Z4 Coupe,Z4
BMW,Z4 Roadster,Z4
BMW,Z8,Z8
BMW,i3,i3
BMW,i3 Sedan,i3
BMW,i4,i4
BMW,i5,i5
BMW,i5 Touring,i5
BMW,i7,i7
BMW,i8,i8
BMW,i8 Roadster,i8
BMW,iX,iX
BMW,iX M,iX M
BMW,iX1,iX1
BMW,iX2,iX2
BMW,iX3,iX3
BYD,ATTO 2,ATTO 2
BYD,ATTO 3,ATTO 3
BYD,DOLPHIN,DOLPHIN
BYD,Sealion 7,Sealion 7
Bentley,Arnage,Arnage
Bentley,Azure,Azure
Bentley,Batur Convertible,Batur Convertible
Bentley,Bentayga,Bentayga
Bentley,Bentayga Speed,Bentayga
Bentley,Brooklands,Brooklands
Bentley,Continental,Continental
Bentley,Continental Flying Spur,Continental
Bentley,Continental GT,Continental
Bentley,Continental GTC,Continental
Bentley,Flying Spur,Flying Spur
Bentley,Mk VI Saloon,Mk VI Saloon
Bentley,Mulliner,Mulliner
Bentley,Mulsanne,Mulsanne
Bentley,S1,S1
Bentley,State Limousine,State Limousine
Bentley,T1,T1
Bentley,T2,T2
Borgward,BX7,BX7
Bristol,400,400
Bristol,402,402
Bristol,403,403
Bristol,404,404
Bristol,405,405
Bristol,406,406
Bristol,407,407
Bristol,408,408
Bristol,411,411
Bristol,412,412
Bristol,603,603
Bristol,Blenheim,Blenheim
Bristol,Bullet,Bullet
Bristol,Fighter,Fighter
Bristol,Series 6,Series 6
Bufori,CS8,CS8
Bufori,Geneva,Geneva
Bufori,La Joya,La Joya
Bugatti,Bolide,Bolide
Bugatti,Brouillard,Brouillard
Bugatti,Centodieci,Centodieci
Bugatti,Chiron,Chiron
Bugatti,Divo,Divo
Bugatti,EB 110,EB 110
Bugatti,La Voiture Noire,La Voiture Noire
Bugatti,Mistral,Mistral
Bugatti,Tourbillon,Tourbillon
Bugatti,Type 10,Type 10
Bugatti,Type 101,Type 101
Bugatti,Type 18,Type 18
Bugatti,Type 19,Type 19
Bugatti,Type 2,Type 2
Bugatti,Type 23,Type 23
Bugatti,Type 251,Type 251
Bugatti,Type 30,Type 30
Bugatti,Type 38,Type 38
Bugatti,Type 40,Type 40
Bugatti,Type 41,Type 41
Bugatti,Type 43,Type 43
Bugatti,Type 44,Type 44
Bugatti,Type 46,Type 46
Bugatti,Type 49,Type 49
Bugatti,Type 5,Type 5
Bugatti,Type 50,Type 50
Bugatti,Type 55,Type 55
Bugatti,Type 57,Type 57
Bugatti,Type 64,Type 64
Bugatti,Veyron,Veyron
Buick,Cascada,Cascada
Buick,Century,Century
Buick,Enclave,Enclave
Buick,Encore,Encore
Buick,Envision,Envision
Buick,Envista,Envista
Buick,Gran Sport,Gran Sport
Buick,LaCrosse,LaCrosse
Buick,LeSabre,LeSabre
Buick,Lucerne,Lucerne
Buick,Model 21,Model 21
Buick,Model 26,Model 26
Buick,Model 27,Model 27
Buick,Model 32,Model 32
Buick,Model 33,Model 33
Buick,Model 38,Model 38
Buick,Model 39,Model 39
Buick,Model 41,Model 41
Buick,Model C,Model C
Buick,Park Avenue,Park Avenue
Buick,Rainier,Rainier
Buick,Reatta,Reatta
Buick,Regal,Regal
Buick,Regal Sportback,Regal
Buick,Rendezvous,Rendezvous
Buick,Riviera,Riviera
Buick,Roadmaster,Roadmaster
Buick,Skylark,Skylark
Buick,Super Riviera,Super Riviera
Buick,Terraza,Terraza
Buick,Verano,Verano
Cadillac,ATS,ATS
Cadillac,ATS Coupe,ATS
Cadillac,ATS-V,ATS-V
Cadillac,ATS-V Coupe,ATS-V
Cadillac,Allante,Allante
Cadillac,BLS,BLS
Cadillac,BLS Wagon,BLS
Cadillac,Brougham,Brougham
Cadillac,CT4,CT4
Cadillac,CT4-V,CT4-V
Cadillac,CT5,CT5
Cadillac,CT5-V,CT5-V
Cadillac,CT6,CT6
Cadillac,CTS,CTS
Cadillac,CTS Coupe,CTS
Cadillac,CTS Sport Wagon,CTS
Cadillac,CTS V-Series,CTS
Cadillac,CTS-V Coupe,CTS-V Coupe
Cadillac,CTS-V Sport Wagon,CTS-V Sport Wagon
Cadillac,Catera,Catera
Cadillac,Celestiq,Celestiq
Cadillac,DTS,DTS
Cadillac,DeVille,DeVille
Cadillac,ELR,ELR
Cadillac,Eldorado,Eldorado
Cadillac,Escalade,Escalade
Cadillac,Escalade ESV,Escalade
Cadillac,Escalade EXT,Escalade
Cadillac,Escalade IQL,Escalade
Cadillac,Lyriq,Lyriq
Cadillac,Lyriq-V,Lyriq-V
Cadillac,Optiq,Optiq
Cadillac,Optiq-V,Optiq-V
Cadillac,Runabout,Runabout
Cadillac,SRX,SRX
Cadillac,STS,STS
Cadillac,Seville,Seville
Cadillac,Vistiq,Vistiq
Cadillac,XLR,XLR
Cadillac,XLR V-Series,XLR
Cadillac,XT4,XT4
Cadillac,XT5,XT5
Cadillac,XT6,XT6
Cadillac,XTS,XTS
Caterham,CSR,CSR
Caterham,Classic,Classic
Caterham,Roadsport,Roadsport
Caterham,Seven 160,Seven 160
Caterham,Seven 620,Seven 620
Caterham,Superlight,Superlight
Caterham,Supersport,Supersport
Caterham,The Super Seven 1600,The Super Seven 1600
Chery,TIGGO 7,TIGGO 7
Chery,TIGGO 8,TIGGO 8
Chery,TIGGO 9,TIGGO 9
Chevrolet,Agile,Agile
Chevrolet,Astro,Astro
Chevrolet,Avalanche,Avalanche
Chevrolet,Aveo / Kalos 3 Doors,Aveo / Kalos
Chevrolet,Aveo / Kalos 5 Doors,Aveo / Kalos
Chevrolet,Aveo / Kalos Sedan,Aveo / Kalos
Chevrolet,Blazer,Blazer
Chevrolet,Bolt,Bolt
Chevrolet,Camaro,Camaro
Chevrolet,Camaro Convertible,Camaro
Chevrolet,Captiva,Captiva
Chevrolet,Cavalier,Cavalier
Chevrolet,Celta,Celta
Chevrolet,Chevelle,Chevelle
Chevrolet,Classic,Classic
Chevrolet,Cobalt Coupe,Cobalt
Chevrolet,Cobalt Sedan,Cobalt
Chevrolet,Colorado Double Cab,Colorado Double Cab
Chevrolet,Colorado Extended Cab,Colorado Extended Cab
Chevrolet,Colorado Regular Cab,Colorado Regular Cab
Chevrolet,Corvette Convertible,Corvette Convertible
Chevrolet,Corvette Coupe,Corvette Coupe
Chevrolet,Corvette E-Ray,Corvette E-Ray
Chevrolet,Corvette Grand Sport,Corvette Grand Sport
Chevrolet,Corvette Grand Sport X,Corvette Grand Sport
Chevrolet,Corvette Z06,Corvette Z06
Chevrolet,Corvette Z06 Convertible,Corvette Z06
Chevrolet,Corvette ZR1,Corvette ZR1
Chevrolet,Corvette ZR1 Convertible,Corvette ZR1
Chevrolet,Cruze,Cruze
Chevrolet,Cruze - 5 doors,Cruze
Chevrolet,Cruze Wagon,Cruze
Chevrolet,Epica,Epica
Chevrolet,Equinox,Equinox
Chevrolet,Evanda,Evanda
Chevrolet,Express,Express
Chevrolet,HHR,HHR
Chevrolet,Impala,Impala
Chevrolet,Impala Convertible,Impala
Chevrolet,Impala Coupe,Impala
Chevrolet,Malibu,Malibu
Chevrolet,Malibu Maxx,Malibu
Chevrolet,Matiz / Spark,Matiz / Spark
Chevrolet,Monte Carlo,Monte Carlo
Chevrolet,Nomad,Nomad
Chevrolet,Nubira / Lacetti,Nubira / Lacetti
Chevrolet,Onix,Onix
Chevrolet,Orlando,Orlando
Chevrolet,Prisma,Prisma
Chevrolet,S-10,S-10
Chevrolet,SS,SS
Chevrolet,SSR,SSR
Chevrolet,Silverado,Silverado
Chevrolet,Silverado 2500HD,Silverado
Chevrolet,Silverado 3500HD,Silverado
Chevrolet,Silverado Hybrid,Silverado
Chevrolet,Sonic Hatchback,Sonic
Chevrolet,Sonic RS,Sonic
Chevrolet,Sonic Sedan,Sonic
Chevrolet,Spark EV,Spark EV
Chevrolet,Spin,Spin
Chevrolet,Suburban,Suburban
Chevrolet,Tacuma,Tacuma
Chevrolet,Tahoe,Tahoe
Chevrolet,Tracker,Tracker
Chevrolet,TrailBlazer,TrailBlazer
Chevrolet,Traverse,Traverse
Chevrolet,Trax,Trax
Chevrolet,Uplander,Uplander
Chevrolet,Venture,Venture
Chevrolet,Volt,Volt
Chrysler,200,200
Chrysler,200 Convertible,200
Chrysler,300,300
Chrysler,300 Sport Coupe,300
Chrysler,300C,300C
Chrysler,300C Touring,300C
Chrysler,300M,300M
Chrysler,Airflow,Airflow
Chrysler,Aspen,Aspen
Chrysler,Concorde,Concorde
Chrysler,Crossfire,Crossfire
Chrysler,Crossfire Roadster,Crossfire
Chrysler,Daytona,Daytona
Chrysler,Grand Voyager (AS),Grand Voyager (AS)
Chrysler,Imperial,Imperial
Chrysler,Imperial Roadster,Imperial
Chrysler,LeBaron,LeBaron
Chrysler,New Yorker,New Yorker
Chrysler,PT Cruiser,PT Cruiser
Chrysler,PT Cruiser Convertible,PT Cruiser
Chrysler,Pacifica,Pacifica
Chrysler,Saratoga,Saratoga
Chrysler,Sebring Convertible,Sebring Convertible
Chrysler,Sebring Coupe,Sebring
Chrysler,Sebring Sedan,Sebring
Chrysler,Six,Six
Chrysler,Town & Country,Town & Country
Chrysler,Voyager,Voyager
Citroën,2CV,2CV
Citroën,AMI,AMI
Citroën,AX 3 Doors,AX
Citroën,AX 5 Doors,AX
Citroën,Axel,Axel
Citroën,BX,BX
Citroën,BX Break,BX
Citroën,Berlingo,Berlingo
Citroën,C-Crosser,C-Crosser
Citroën,C-Elysee,C-Elysee
Citroën,C-Zero,C-Zero
Citroën,C1 3 Doors,C1
Citroën,C1 5 Doors,C1
Citroën,C2,C2
Citroën,C3,C3
Citroën,C3 Aircross,C3
Citroën,C3 Picasso,C3
Citroën,C3 Pluriel,C3
Citroën,C4,C4
Citroën,C4 Aircross,C4
Citroën,C4 Cactus,C4
Citroën,C4 Coupe,C4
Citroën,C4 Hatchback,C4
Citroën,C4 Picasso,C4
Citroën,C4 Sedan,C4
Citroën,C5 Aircross,C5 Aircross
Citroën,C5 Crosstourer,C5 Crosstourer
Citroën,C5 Estate,C5
Citroën,C5 Liftback,C5 Liftback
Citroën,C5 Sedan,C5
Citroën,C5 X,C5 X
Citroën,C6,C6
Citroën,C8,C8
Citroën,CX,CX
Citroën,CX Break,CX
Citroën,DS,DS
Citroën,DS3,DS3
Citroën,DS4,DS4
Citroën,DS5,DS5
Citroën,Dyane,Dyane
Citroën,E-Mehari,E-Mehari
Citroën,Evasion,Evasion
Citroën,GSA,GSA
Citroën,Grand C4 Picasso,Grand C4 Picasso
Citroën,LNA,LNA
Citroën,Nemo,Nemo
Citroën,SM,SM
Citroën,Saxo 3 doors,Saxo
Citroën,Saxo 5 doors,Saxo
Citroën,Traction,Traction
Citroën,Visa,Visa
Citroën,Visa Decouvrable,Visa
Citroën,XM,XM
Citroën,XM Break,XM
Citroën,Xantia,Xantia
Citroën,Xantia Break,Xantia
Citroën,Xsara,Xsara
Citroën,Xsara Break,Xsara
Citroën,Xsara Coupe,Xsara
Citroën,Xsara Picasso,Xsara
Citroën,ZX 3 Doors,ZX
Citroën,ZX 5 Doors,ZX
Citroën,ZX Break,ZX Break
Cupra,Ateca,Ateca
Cupra,Born,Born
Cupra,Formentor,Formentor
Cupra,Leon,Leon
Cupra,Leon Sportstourer,Leon
Cupra,Raval,Raval
Cupra,Tavascan,Tavascan
Cupra,Terramar,Terramar
DR Motor,dr cityCROSS,dr cityCROSS
DR Motor,dr1,dr1
DR Motor,dr2,dr2
DR Motor,dr5,dr5
DS Automobiles,DS 3,DS 3
DS Automobiles,DS 3 Cabrio,DS 3
DS Automobiles,DS 3 Crossback,DS 3
DS Automobiles,DS 4,DS 4
DS Automobiles,DS 5,DS 5
DS Automobiles,DS 5LS,DS 5LS
DS Automobiles,DS 7,DS 7
DS Automobiles,DS 9,DS 9
DS Automobiles,DS N8,DS N8
Dacia,1100,1100
Dacia,1300,1300
Dacia,1300 Break,1300
Dacia,1310,1310
Dacia,1310 Break,1310
Dacia,1310/1410 Sport,1310/1410 Sport
Dacia,1320,1320
Dacia,1325,1325
Dacia,500,500
Dacia,Bigster,Bigster
Dacia,Dokker,Dokker
Dacia,Dokker Van,Dokker
Dacia,Duster,Duster
Dacia,Duster Pick-Up,Duster
Dacia,JOGGER,JOGGER
Dacia,Lodgy,Lodgy
Dacia,Logan,Logan
Dacia,Logan MCV,Logan
Dacia,Logan MCV Stepway,Logan MCV
Dacia,Logan Pick-Up,Logan
Dacia,Logan Van,Logan
Dacia,Nova,Nova
Dacia,Sandero,Sandero
Dacia,Sandero Stepway,Sandero
Dacia,Solenza,Solenza
Dacia,Spring,Spring
Dacia,Striker,Striker
Dacia,SuperNova,SuperNova
Daewoo,Cielo,Cielo
Daewoo,Cielo Hatchback 3 Doors,Cielo
Daewoo,Cielo Hatchback 5 Doors,Cielo
Daewoo,Damas II,Damas II
Daewoo,Espero,Espero
Daewoo,G2X,G2X
Daewoo,Gentra,Gentra
Daewoo,Lacetti,Lacetti
Daewoo,Lacetti 5 doors,Lacetti
Daewoo,Lacetti Wagon,Lacetti
Daewoo,Lanos,Lanos
Daewoo,Lanos Hatchback 3 Doors,Lanos
Daewoo,Lanos Hatchback 5 Doors,Lanos
Daewoo,Leganza,Leganza
Daewoo,Magnus,Magnus
Daewoo,Matiz,Matiz
Daewoo,Nubira,Nubira
Daewoo,Nubira Estate,Nubira
Daewoo,Nubira Hatchback,Nubira
Daewoo,Statesman,Statesman
Daewoo,Tacuma,Tacuma
Daewoo,Tico,Tico
Daewoo,Tosca,Tosca
Daewoo,Winstorm,Winstorm
Daihatsu,Altis,Altis
Daihatsu,Applause,Applause
Daihatsu,Ayla,Ayla
Daihatsu,Copen,Copen
Daihatsu,Cuore,Cuore
Daihatsu,Feroza Hardtop,Feroza Hardtop
Daihatsu,Feroza Softtop,Feroza Softtop
Daihatsu,Gran Move,Gran Move
Daihatsu,Materia,Materia
Daihatsu,Move,Move
Daihatsu,Rocky Hardtop,Rocky Hardtop
Daihatsu,Rocky Wagon,Rocky Wagon
Daihatsu,Sirion,Sirion
Daihatsu,Sirion 2,Sirion
Daihatsu,Terios,Terios
Daihatsu,Trevis,Trevis
Daihatsu,Valera,Valera
Datsun,GO,GO
Datsun,GO+,GO+
Datsun,Mi-Do,Mi-Do
Datsun,on-Do,on-Do
Dodge,Aries Coupe,Aries Coupe
Dodge,Avenger,Avenger
Dodge,Caliber,Caliber
Dodge,Caliber SRT4,Caliber
Dodge,Caravan,Caravan
Dodge,Challenger,Challenger
Dodge,Challenger SRT,Challenger
Dodge,Charger,Charger
Dodge,Charger SRT,Charger
Dodge,Dakota,Dakota
Dodge,Dakota Club Cab,Dakota
Dodge,Dakota Quad Cab,Dakota
Dodge,Dart,Dart
Dodge,Durango,Durango
Dodge,Durango SRT,Durango
Dodge,Hornet,Hornet
Dodge,Journey,Journey
Dodge,Magnum,Magnum
Dodge,Magnum SRT8,Magnum
Dodge,Neon,Neon
Dodge,Nitro,Nitro
Dodge,Polara,Polara
Dodge,Ram,Ram
Dodge,Stratus,Stratus
Dodge,Stratus Coupe,Stratus
Dodge,Viper,Viper
Donkervoort,D8,D8
Donkervoort,P24,P24
Eagle,Premier,Premier
Eagle,Summit,Summit
Eagle,Summit Wagon,Summit
Eagle,Talon,Talon
FSO,125,125
FSO,Polonez,Polonez
FSO,Polonez Atu,Polonez
FSO,Polonez Caro,Polonez
FSO,Polonez Kombi,Polonez
FSO,Prima,Prima
Ferrari,125/159 S,125/159 S
Ferrari,12Cilindri,12Cilindri
Ferrari,12Cilindri Spider,12Cilindri
Ferrari,166 Spider Corsa,166 Spider Corsa
Ferrari,166 Sport,166 Sport
Ferrari,195,195
Ferrari,212,212
Ferrari,250,250
Ferrari,275,275
Ferrari,288 GTO/F40/F50/Enzo/LaFerrari,288 GTO/F40/F50/Enzo/LaFerrari
Ferrari,296 GTB,296 GTB
Ferrari,296 GTS,296 GTS
Ferrari,296 Speciale,296 Speciale
Ferrari,308 GTB/GTS,308 GTB/GTS
Ferrari,328 GTB/GTS,328 GTB/GTS
Ferrari,348,348
Ferrari,348 Spider,348
Ferrari,360 Challenge Stradale,360 Challenge Stradale
Ferrari,360 Modena,360 Modena
Ferrari,360 Spider,360 Spider
Ferrari,365,365
Ferrari,365GT4 BB/ 512BB/ 512 BBi,365GT4 BB/ 512BB/ 512 BBi
Ferrari,400,400
Ferrari,456 GT,456 GT
Ferrari,458 Italia,458 Italia
Ferrari,458 Speciale,458 Speciale
Ferrari,458 Speciale A,458 Speciale
Ferrari,458 Spider,458 Spider
Ferrari,488 GTB,488 GTB
Ferrari,488 Pista,488 Pista
Ferrari,488 Spider,488 Spider
Ferrari,550 Barchetta/575M Superamerica,550 Barchetta/575M Superamerica
Ferrari,550/575M Maranello,550/575M Maranello
Ferrari,599,599
Ferrari,612 Scaglietti,612 Scaglietti
Ferrari,812,812
Ferrari,Amalfi,Amalfi
Ferrari,Amalfi Spider,Amalfi
Ferrari,California T,California T
Ferrari,Daytona,Daytona
Ferrari,Dino,Dino
Ferrari,F12 Berlinetta,F12 Berlinetta
Ferrari,F12 TRS,F12 TRS
Ferrari,F12tdf,F12tdf
Ferrari,F149 California,F149 California
Ferrari,F355,F355
Ferrari,F355 Spider,F355
Ferrari,F430,F430
Ferrari,F430 Spider,F430
Ferrari,F60 America,F60 America
Ferrari,F8,F8
Ferrari,F80,F80
Ferrari,FF,FF
Ferrari,FXX,FXX
Ferrari,GTC4Lusso,GTC4Lusso
Ferrari,GTC4Lusso T,GTC4Lusso
Ferrari,LaFerrari,LaFerrari
Ferrari,Mondial,Mondial
Ferrari,Mondial Cabriolet,Mondial
Ferrari,Monza,Monza
Ferrari,Portofino,Portofino
Ferrari,Purosangue,Purosangue
Ferrari,Roma,Roma
Ferrari,Roma Convertible,Roma
Ferrari,SF90,SF90
Ferrari,Scuderia Spider,Scuderia Spider
Ferrari,Testarossa Spider,Testarossa Spider
Ferrari,Testarossa/512 TR/512M,Testarossa/512 TR/512M
Fiat,1100 D,1100 D
Fiat,1100 D Station Wagon,1100 D
Fiat,1100 E,1100 E
Fiat,1100 S,1100 S
Fiat,1100 TV Spider,1100 TV Spider
Fiat,12 HP,12 HP
Fiat,12-15 HP Zero,12-15 HP Zero
Fiat,1200,1200
Fiat,1200 Spider,1200
Fiat,124 Coupe,124
Fiat,124 Familiale,124 Familiale
Fiat,124 Saloon,124
Fiat,124 Spider,124 Spider
Fiat,125,125
Fiat,126,126
Fiat,127,127
Fiat,127 Panorama,127
Fiat,128 Coupe,128
Fiat,128 Saloon,128
Fiat,130 Coupe,130 Coupe
Fiat,130 Limousine,130 Limousine
Fiat,131 4 doors,131 4 doors
Fiat,132,132
Fiat,1400,1400
Fiat,1400 Cabriolet,1400
Fiat,15-25 HP Brevetti Tipo 2,15-25 HP Brevetti Tipo 2
Fiat,1500,1500
Fiat,16-20 HP,16-20 HP
Fiat,1800 / 2100,1800 / 2100
Fiat,2300 Coupe,2300
Fiat,2300 Saloon,2300
Fiat,2300 Station Wagon,2300 Station Wagon
Fiat,2800,2800
Fiat,3 1/2 HP,3 1/2 HP
Fiat,500,500
Fiat,500 3+1,500
Fiat,500 Abarth,500
Fiat,500 K / Giardiniera,500
Fiat,500L,500L
Fiat,500L Living,500L
Fiat,500L Trekking,500L
Fiat,500L Urban,500L
Fiat,500X,500X
Fiat,500e,500e
Fiat,501,501
Fiat,501 S,501
Fiat,502,502
Fiat,503 Torpedo,503 Torpedo
Fiat,505,505
Fiat,507,507
Fiat,507 Touring,507
Fiat,509,509
Fiat,509 S,509
Fiat,514,514
Fiat,514 Spider,514
Fiat,519 Berlina,519 Berlina
Fiat,519 Coupe,519 Coupe
Fiat,519 S,519 S
Fiat,520 Superfiat,520 Superfiat
Fiat,521,521
Fiat,522 C,522 C
Fiat,524 C,524 C
Fiat,525,525
Fiat,527,527
Fiat,600,600
Fiat,600 D,600
Fiat,600 Multipla,600
Fiat,850,850
Fiat,850 Coupe,850
Fiat,850 Spider,850
Fiat,8V,8V
Fiat,Albea / Siena,Albea / Siena
Fiat,Argenta,Argenta
Fiat,Argo,Argo
Fiat,Barchetta,Barchetta
Fiat,Brava,Brava
Fiat,Bravo,Bravo
Fiat,Brevetti,Brevetti
Fiat,Campagnola,Campagnola
Fiat,Cinquecento,Cinquecento
Fiat,Coupe,Coupe
Fiat,Croma,Croma
Fiat,Dino Coupe,Dino Coupe
Fiat,Dino Spider,Dino Spider
Fiat,Doblo,Doblo
Fiat,Freemont,Freemont
Fiat,Fullback,Fullback
Fiat,Grande Panda,Grande Panda
Fiat,Grande Punto / Punto Evo 3 Doors,Grande Punto / Punto Evo
Fiat,Grande Punto / Punto Evo 5 Doors,Grande Punto / Punto Evo
Fiat,Idea,Idea
Fiat,Linea,Linea
Fiat,Marea,Marea
Fiat,Marea Weekend,Marea
Fiat,Mille,Mille
Fiat,Multipla,Multipla
Fiat,Palio,Palio
Fiat,Palio Weekend,Palio
Fiat,Panda,Panda
Fiat,Panda 4X4,Panda
Fiat,Panda City Cross,Panda
Fiat,Panda Cross,Panda
Fiat,Punto 3 Doors,Punto
Fiat,Punto 5 Doors,Punto
Fiat,Punto Cabrio,Punto
Fiat,Qubo,Qubo
Fiat,Regata,Regata
Fiat,Regata Weekend,Regata
Fiat,Ritmo,Ritmo
Fiat,Sedici,Sedici
Fiat,Seicento,Seicento
Fiat,Stilo 3 Doors,Stilo
Fiat,Stilo 5 Doors,Stilo
Fiat,Stilo Multi Wagon,Stilo Multi Wagon
Fiat,Tempra,Tempra
Fiat,Tempra SW,Tempra
Fiat,Tipo,Tipo
Fiat,Tipo 3 Doors,Tipo
Fiat,Tipo 5 Doors,Tipo
Fiat,Tipo Cross,Tipo
Fiat,Tipo Station Wagon,Tipo
Fiat,Topolino,Topolino
Fiat,Ulysse,Ulysse
Fiat,Uno,Uno
Fiat,Uno 3 Doors,Uno
Fiat,Uno 5 Doors,Uno
Fiat,Viaggio,Viaggio
Fiat,X1/9,X1/9
Fisker,Karma,Karma
Fisker,Ocean,Ocean
Ford,Anglia 100E,Anglia 100E
Ford,Anglia 105E,Anglia 105E
Ford,B-Max,B-Max
Ford,Bronco,Bronco
Ford,C-Max,C-Max
Ford,Capri,Capri
Ford,Capri SUV,Capri
Ford,Consul,Consul
Ford,Contour/Mondeo,Contour/Mondeo
Ford,Corsair,Corsair
Ford,Cortina,Cortina
Ford,Cougar,Cougar
Ford,Crestline,Crestline
Ford,Crestliner,Crestliner
Ford,Crown Victoria,Crown Victoria
Ford,Deluxe,Deluxe
Ford,E-Tourneo,E-Tourneo
Ford,EcoSport,EcoSport
Ford,Econovan,Econovan
Ford,Edge,Edge
Ford,Edge ST,Edge
Ford,Escape,Escape
Ford,Escort 3 Doors,Escort
Ford,Escort 4 Doors,Escort
Ford,Escort 5 Doors,Escort
Ford,Escort Cabrio,Escort
Ford,Escort Clipper,Escort Clipper
Ford,Escort Wagon,Escort Wagon
Ford,Everest,Everest
Ford,Excursion,Excursion
Ford,Expedition,Expedition
Ford,Explorer,Explorer
Ford,Explorer Electric,Explorer
Ford,Explorer Sport,Explorer
Ford,Explorer Sport Trac,Explorer Sport
Ford,F-150 Raptor,F-150 Raptor
Ford,F-150 Regular Cab,F-150 Regular Cab
Ford,F-150 Super Cab,F-150 Super Cab
Ford,F-150 Super Crew,F-150 Super Crew
Ford,Fiesta 3 Doors,Fiesta
Ford,Fiesta 5 Doors,Fiesta
Ford,Fiesta ST,Fiesta ST
Ford,Fiesta Sedan,Fiesta
Ford,Figo,Figo
Ford,Five Hundred,Five Hundred
Ford,Flex,Flex
Ford,Focus 3 Doors,Focus
Ford,Focus 5 Doors,Focus
Ford,Focus CC,Focus CC
Ford,Focus RS,Focus
Ford,Focus ST 5 doors,Focus ST 5 doors
Ford,Focus ST Wagon,Focus ST Wagon
Ford,Focus Sedan,Focus
Ford,Focus US,Focus US
Ford,Focus Wagon,Focus Wagon
Ford,Freestar,Freestar
Ford,Freestyle,Freestyle
Ford,Fusion European,Fusion European
Ford,Fusion North American,Fusion North American
Ford,GT,GT
Ford,Galaxy,Galaxy
Ford,Grand C-MAX,Grand C-MAX
Ford,Ka,Ka
Ford,Ka+,Ka+
Ford,Ka+ Active,Ka+
Ford,Kuga,Kuga
Ford,Maverick,Maverick
Ford,Maverick LWB,Maverick
Ford,Maverick SWB,Maverick
Ford,Model A,Model A
Ford,Model T,Model T
Ford,Mondeo Hatchback,Mondeo
Ford,Mondeo Sedan,Mondeo
Ford,Mondeo Wagon,Mondeo Wagon
Ford,Mustang,Mustang
Ford,Mustang Convertible,Mustang
Ford,Mustang MACH-E,Mustang
Ford,Mustang Mach 1,Mustang
Ford,Orion,Orion
Ford,Pinto,Pinto
Ford,Probe,Probe
Ford,Puma,Puma
Ford,Puma ST,Puma
Ford,Ranger Double Cab,Ranger Double Cab
Ford,Ranger Regular Cab,Ranger Regular Cab
Ford,Ranger Super Cab,Ranger Super Cab
Ford,Ranger Tremor,Ranger Tremor
Ford,Ranger Wildtrak,Ranger Wildtrak
Ford,Raptor Ranger,Raptor Ranger
Ford,S-Max,S-Max
Ford,Scorpio Sedan,Scorpio Sedan
Ford,Scorpio Wagon,Scorpio Wagon
Ford,Sierra 3 Doors,Sierra
Ford,Sierra 5 Doors,Sierra
Ford,Sierra Sedan,Sierra
Ford,SportKa,SportKa
Ford,StreetKa,StreetKa
Ford,Super Duty,Super Duty
Ford,Taunus,Taunus
Ford,Taunus Cabrio,Taunus
Ford,Taurus,Taurus
Ford,Taurus SHO,Taurus
Ford,Taurus Wagon,Taurus
Ford,Taurus X,Taurus
Ford,Territory,Territory
Ford,Thunderbird,Thunderbird
Ford,Tourneo,Tourneo
Ford,Transit Connect Wagon,Transit Connect Wagon
Ford,Transit Custom,Transit Custom
Ford,Wildtrak,Wildtrak
Ford,Windstar,Windstar
Ford,Zodiac,Zodiac
GMC,Acadia,Acadia
GMC,Canyon Crew Cab,Canyon Crew Cab
GMC,Canyon Double Cab,Canyon Double Cab
GMC,Canyon Regular Cab,Canyon Regular Cab
GMC,Envoy,Envoy
GMC,Envoy XL,Envoy
GMC,Envoy XUV,Envoy
GMC,Hummer EV,Hummer EV
GMC,Hummer EV SUV,Hummer EV
GMC,Jimmy 3 Doors,Jimmy
GMC,Jimmy 5 Doors,Jimmy
GMC,Safari,Safari
GMC,Savana,Savana
GMC,Sierra,Sierra
GMC,Sierra 2500HD,Sierra
GMC,Sierra 3500HD,Sierra
GMC,Terrain,Terrain
GMC,Typhoon,Typhoon
GMC,Yukon,Yukon
GMC,Yukon XL,Yukon
Geely,CK,CK
Geely,Emgrand EC7,Emgrand EC7
Geely,Galaxy,Galaxy
Geely,Galaxy M9,Galaxy
Geely,LC,LC
Geely,MK,MK
Genesis,G70,G70
Genesis,G70 Shooting Brake,G70
Genesis,G80,G80
Genesis,G90,G90
Genesis,GV60,GV60
Genesis,GV70,GV70
Genesis,GV80,GV80
Genesis,GV80 Coupe,GV80
Hindustan,Ambassador,Ambassador
Hindustan,Pushpak/Trekker,Pushpak/Trekker
Hindustan,RTV/Ranger,RTV/Ranger
Holden,48-215,48-215
Holden,Adventra,Adventra
Holden,Astra 3 Doors,Astra
Holden,Astra 5 Doors,Astra
Holden,Astra Caravan,Astra Caravan
Holden,Astra TwinTop,Astra TwinTop
Holden,Barina 3 Doors,Barina
Holden,Barina 5 Doors,Barina
Holden,Barina RS,Barina
Holden,Barina Sedan,Barina
Holden,Barina Spark,Barina Spark
Holden,Caprice/Statesman,Caprice/Statesman
Holden,Captiva,Captiva
Holden,Captiva MaXX,Captiva
Holden,Combo,Combo
Holden,Commodore Sedan,Commodore Sedan
Holden,Commodore Wagon,Commodore Wagon
Holden,Crewman,Crewman
Holden,Cruze Mk I,Cruze Mk I
Holden,Cruze Mk II,Cruze Mk II
Holden,Drover,Drover
Holden,Drover Deluxe,Drover
Holden,EJ Wagon,EJ Wagon
Holden,Epica,Epica
Holden,FE,FE
Holden,FJ,FJ
Holden,Frontera MX,Frontera MX
Holden,HJ,HJ
Holden,HZ,HZ
Holden,Jackaroo,Jackaroo
Holden,Malibu,Malibu
Holden,Monaro,Monaro
Holden,Rodeo,Rodeo
Holden,Statesman,Statesman
Holden,Tigra,Tigra
Holden,Trax,Trax
Holden,Ute,Ute
Holden,Vectra Liftback,Vectra Liftback
Holden,Vectra Sedan,Vectra Sedan
Holden,Zafira,Zafira
Honda,1300 Coupe,1300
Honda,1300 Sedan,1300
Honda,Accord,Accord
Honda,Accord 3 Doors,Accord
Honda,Accord Coupe,Accord
Honda,Accord Crosstour,Accord
Honda,Accord Euro,Accord
Honda,Accord Tourer,Accord
Honda,Accord Type R,Accord
Honda,Airwave,Airwave
Honda,Avancier,Avancier
Honda,Beat,Beat
Honda,CR-V,CR-V
Honda,CR-Z,CR-Z
Honda,CRX Del Sol,CRX Del Sol
Honda,Civic 3 Doors,Civic
Honda,Civic 5 Doors,Civic
Honda,Civic Aero Deck,Civic Aero Deck
Honda,Civic CRX,Civic CRX
Honda,Civic Coupe,Civic
Honda,Civic Sedan,Civic
Honda,Civic Sedan US,Civic Sedan
Honda,Civic Shuttle,Civic Shuttle
Honda,Civic Si Sedan US,Civic Si Sedan US
Honda,Civic Tourer,Civic
Honda,Civic Type-R,Civic Type-R
Honda,Clarity,Clarity
Honda,Concerto,Concerto
Honda,Element,Element
Honda,FR-V / Edix,FR-V / Edix
Honda,Fit EV,Fit EV
Honda,HR-V 3 Doors,HR-V
Honda,HR-V 5 Doors,HR-V
Honda,Insight,Insight
Honda,Jazz / City,Jazz / City
Honda,Jazz / Fit,Jazz / Fit
Honda,L700,L700
Honda,Legend Coupe,Legend
Honda,Legend Sedan,Legend
Honda,Logo / Fit,Logo / Fit
Honda,MDX,MDX
Honda,Mobilio,Mobilio
Honda,N360,N360
Honda,N600,N600
Honda,NSX,NSX
Honda,Odyssey,Odyssey
Honda,Passport,Passport
Honda,Pilot,Pilot
Honda,Prelude,Prelude
Honda,Prologue,Prologue
Honda,Ridgeline,Ridgeline
Honda,S2000,S2000
Honda,S500,S500
Honda,S600,S600
Honda,S660,S660
Honda,S800,S800
Honda,S800C,S800C
Honda,Shuttle,Shuttle
Honda,Stream,Stream
Honda,That's,That's
Honda,ZR-V,ZR-V
Honda,e,e
Honda,e:Ny1,e:Ny1
Hummer,H1 2 Door Hardtop,H1 2 Door Hardtop
Hummer,H1 4 Door Hardtop,H1 4 Door Hardtop
Hummer,H1 4 Door Opentop,H1 4 Door Opentop
Hummer,H1 4 Door Wagon,H1 4 Door Wagon
Hummer,H2,H2
Hummer,H2 SUT,H2
Hummer,H3,H3
Hummer,H3 Alpha,H3
Hyundai,Accent 3 Doors,Accent
Hyundai,Accent 5 Doors,Accent
Hyundai,Accent Sedan,Accent
Hyundai,Atos,Atos
Hyundai,Atos Multi,Atos
Hyundai,Atos Spirit,Atos
Hyundai,Bayon,Bayon
Hyundai,Coupe / Tiburon,Coupe / Tiburon
Hyundai,Elantra 5 Doors,Elantra
Hyundai,Elantra Coupe,Elantra
Hyundai,Elantra GT,Elantra
Hyundai,Elantra N,Elantra N
Hyundai,Elantra Sedan,Elantra
Hyundai,Elantra Touring,Elantra
Hyundai,Equus,Equus
Hyundai,Excel 3 Doors,Excel
Hyundai,Excel 5 Doors,Excel
Hyundai,Excel Sedan,Excel
Hyundai,Genesis,Genesis
Hyundai,Genesis Coupe,Genesis
Hyundai,Getz 3 Doors,Getz
Hyundai,Getz 5 Doors,Getz
Hyundai,Grandeur / Azera,Grandeur / Azera
Hyundai,Ioniq,Ioniq
Hyundai,Ioniq 3,Ioniq
Hyundai,Ioniq 5,Ioniq
Hyundai,Ioniq 6,Ioniq
Hyundai,Ioniq 9,Ioniq
Hyundai,Kona,Kona
Hyundai,Kona Electric,Kona
Hyundai,Kona N,Kona
Hyundai,Lantra,Lantra
Hyundai,Lantra Wagon,Lantra
Hyundai,Matrix,Matrix
Hyundai,Mistra,Mistra
Hyundai,NEXO,NEXO
Hyundai,Palisade,Palisade
Hyundai,Pony 3 Doors,Pony
Hyundai,Pony 5 Doors,Pony
Hyundai,Santa Cruz,Santa Cruz
Hyundai,Santa Fe,Santa Fe
Hyundai,Satellite,Satellite
Hyundai,Scoupe,Scoupe
Hyundai,Sonata,Sonata
Hyundai,Sonata Hybrid,Sonata
Hyundai,Staria,Staria
Hyundai,Terracan,Terracan
Hyundai,Trajet,Trajet
Hyundai,Veloster,Veloster
Hyundai,Venue,Venue
Hyundai,XG,XG
Hyundai,i10,i10
Hyundai,i20,i20
Hyundai,i20 Active,i20
Hyundai,i20 Coupe,i20
Hyundai,i20 N,i20
Hyundai,i30,i30
Hyundai,i30 Coupe,i30
Hyundai,i30 Estate,i30
Hyundai,i30 Fastback,i30
Hyundai,i30 N,i30
Hyundai,i40,i40
Hyundai,i40 wagon,i40
Hyundai,i800 / H-1,i800 / H-1
Hyundai,ix20,ix20
Hyundai,ix35 / Tucson,ix35 / Tucson
Hyundai,ix55 / Veracruz,ix55 / Veracruz
Ineos,Grenadier,Grenadier
Infiniti,EX,EX
Infiniti,FX,FX
Infiniti,G Convertible,G Convertible
Infiniti,G Coupe,G
Infiniti,G Sedan,G
Infiniti,G20,G20
Infiniti,G35,G35
Infiniti,G35 Coupe,G35
Infiniti,I,I
Infiniti,J,J
Infiniti,JX,JX
Infiniti,M Convertible,M Convertible
Infiniti,M Coupe,M
Infiniti,M Sedan,M
Infiniti,Q,Q
Infiniti,Q40,Q40
Infiniti,Q50,Q50
Infiniti,Q60,Q60
Infiniti,Q60 Convertible,Q60
Infiniti,Q70,Q70
Infiniti,QX,QX
Infiniti,QX30,QX30
Infiniti,QX50,QX50
Infiniti,QX55,QX55
Infiniti,QX60,QX60
Infiniti,QX65,QX65
Infiniti,QX70,QX70
Infiniti,QX80,QX80
Isuzu,117 Coupe,117 Coupe
Isuzu,Amigo 3 Doors,Amigo
Isuzu,Amigo Cabrio,Amigo
Isuzu,Ascender,Ascender
Isuzu,Axiom,Axiom
Isuzu,Hombre Crew Cab,Hombre Crew Cab
Isuzu,MU-7,MU-7
Isuzu,Rodeo / D-Max,Rodeo / D-Max
Isuzu,Trooper 3 Doors,Trooper
Isuzu,Trooper 5 Doors,Trooper
Isuzu,i-Series,i-Series
Jaguar,E-Pace,E-Pace
Jaguar,F-Pace,F-Pace
Jaguar,F-Pace SVR,F-Pace
Jaguar,F-Type Convertible,F-Type Convertible
Jaguar,F-Type Coupe,F-Type Coupe
Jaguar,F-Type SVR,F-Type SVR
Jaguar,F-Type SVR Coupe,F-Type SVR
Jaguar,I-Pace,I-Pace
Jaguar,S-Type,S-Type
Jaguar,S-Type R,S-Type
Jaguar,X-Type,X-Type
Jaguar,X-Type Estate,X-Type
Jaguar,XE,XE
Jaguar,XE SV,XE
Jaguar,XF,XF
Jaguar,XF Sportbrake,XF
Jaguar,XFR,XFR
Jaguar,XJ,XJ
Jaguar,XJ220,XJ220
Jaguar,XJR,XJR
Jaguar,XK,XK
Jaguar,XK Convertible,XK
Jaguar,XKR,XKR
Jaguar,XKR Convertible,XKR
Jeep,Avenger,Avenger
Jeep,Cherokee,Cherokee
Jeep,Cherokee/Liberty,Cherokee/Liberty
Jeep,Commander,Commander
Jeep,Compass,Compass
Jeep,Gladiator,Gladiator
Jeep,Grand Cherokee,Grand Cherokee
Jeep,Patriot,Patriot
Jeep,Recon,Recon
Jeep,Renegade,Renegade
Jeep,Wagoneer,Wagoneer
Jeep,Wrangler,Wrangler
Jeep,Wrangler Rubicon,Wrangler
Jeep,Wrangler Unlimited,Wrangler
KTM,X-Bow,X-Bow
Kia,Borrego / Mohave,Borrego / Mohave
Kia,Carens,Carens
Kia,Carnival / Sedona,Carnival / Sedona
Kia,Ceed,Ceed
Kia,Cerato / Spectra,Cerato / Spectra
Kia,Cerato/Forte,Cerato/Forte
Kia,EV2,EV2
Kia,EV3,EV3
Kia,EV4,EV4
Kia,EV4 Hatchback,EV4
Kia,EV5,EV5
Kia,EV6,EV6
Kia,EV9,EV9
Kia,Forte,Forte
Kia,Forte 5 Door,Forte
Kia,Forte Koup,Forte
Kia,Joice,Joice
Kia,K4,K4
Kia,K4 Hatchback,K4
Kia,K5,K5
Kia,K7 / Cadenza,K7 / Cadenza
Kia,K9,K9
Kia,Niro,Niro
Kia,Opirus / Amanti,Opirus / Amanti
Kia,Optima / Magentis,Optima / Magentis
Kia,Optima Sportswagon,Optima Sportswagon
Kia,Picanto,Picanto
Kia,Picanto X-Line,Picanto
Kia,Pro cee'd,Pro cee'd
Kia,Rio Hatchback,Rio
Kia,Rio Sedan,Rio
Kia,Rondo,Rondo
Kia,Seltos,Seltos
Kia,Shuma,Shuma
Kia,Sorento,Sorento
Kia,Soul,Soul
Kia,Sportage,Sportage
Kia,Stinger,Stinger
Kia,Stonic,Stonic
Kia,Stonic GT-Line,Stonic
Kia,Syros,Syros
Kia,Tasman,Tasman
Kia,Telluride,Telluride
Kia,Venga,Venga
Kia,XCeed,XCeed
Kia,cee'd,cee'd
Kia,cee'd SW,cee'd
Kia,pro_cee’d GT,pro_cee’d GT
Koenigsegg,Agera,Agera
Koenigsegg,CC8S,CC8S
Koenigsegg,CCR,CCR
Koenigsegg,CCX,CCX
Koenigsegg,CCXR,CCXR
Koenigsegg,Gemera,Gemera
Koenigsegg,Jesko,Jesko
Koenigsegg,One:1,One:1
Koenigsegg,Regera,Regera
Koenigsegg,Sadairs Spear,Sadairs Spear
Lada,110,110
Lada,111,111
Lada,112,112
Lada,Kalina Hatchback,Kalina
Lada,Kalina Sedan,Kalina
Lada,Niva,Niva
Lada,Nova,Nova
Lada,Nova Combi,Nova
Lada,Priora,Priora
Lada,Samara 3 Doors,Samara
Lada,Samara 5 Doors,Samara
Lada,Samara Sedan,Samara
Lamborghini,350 GT/ 400 GT,350 GT/ 400 GT
Lamborghini,350 GTS,350 GTS
Lamborghini,Aventador,Aventador
Lamborghini,Aventador Roadster,Aventador
Lamborghini,Centenario,Centenario
Lamborghini,Centenario Roadster,Centenario
Lamborghini,Countach,Countach
Lamborghini,Diablo,Diablo
Lamborghini,Diablo Roadster,Diablo
Lamborghini,Espada,Espada
Lamborghini,Gallardo,Gallardo
Lamborghini,Gallardo Spyder,Gallardo
Lamborghini,Huracan,Huracan
Lamborghini,Huracan Spyder,Huracan
Lamborghini,Islero,Islero
Lamborghini,Jalpa,Jalpa
Lamborghini,Jarama,Jarama
Lamborghini,LM 002,LM 002
Lamborghini,Miura,Miura
Lamborghini,Murcielago,Murcielago
Lamborghini,Murcielago Roadster,Murcielago
Lamborghini,Reventon,Reventon
Lamborghini,Revuelto,Revuelto
Lamborghini,Sian,Sian
Lamborghini,Sian Roadster,Sian
Lamborghini,Silhouette,Silhouette
Lamborghini,Temerario,Temerario
Lamborghini,Urraco,Urraco
Lamborghini,Urus,Urus
Lamborghini,Veneno,Veneno
Lamborghini,Veneno Roadster,Veneno
Lancia,2000 Coupe,2000 Coupe
Lancia,A112,A112
Lancia,A112 Abarth,A112
Lancia,Alpha,Alpha
Lancia,Aprilia,Aprilia
Lancia,Ardea,Ardea
Lancia,Artena,Artena
Lancia,Astura,Astura
Lancia,Augusta,Augusta
Lancia,Beta,Beta
Lancia,Beta Coupe,Beta
Lancia,Beta Montecarlo,Beta
Lancia,Beta Spider,Beta
Lancia,Dedra,Dedra
Lancia,Dedra Station Wagon,Dedra
Lancia,Delta,Delta
Lancia,Delta HPE,Delta
Lancia,Dilambda,Dilambda
Lancia,Flaminia Coupe,Flaminia
Lancia,Flaminia Sedan,Flaminia
Lancia,Flavia Convertible,Flavia Convertible
Lancia,Flavia Sedan,Flavia Sedan
Lancia,Fulvia Berlina,Fulvia Berlina
Lancia,Fulvia Coupe,Fulvia Coupe
Lancia,Gamma,Gamma
Lancia,Gamma Coupe,Gamma
Lancia,Kappa,Kappa
Lancia,Kappa Coupe,Kappa
Lancia,Kappa SW,Kappa
Lancia,Lambda,Lambda
Lancia,Lybra,Lybra
Lancia,Lybra SW,Lybra
Lancia,Musa,Musa
Lancia,Phedra,Phedra
Lancia,Prisma,Prisma
Lancia,Stratos,Stratos
Lancia,Thema,Thema
Lancia,Thesis,Thesis
Lancia,Theta,Theta
Lancia,Trevi,Trevi
Lancia,Voyager,Voyager
Lancia,Ypsilon,Ypsilon
Lancia,Zeta,Zeta
Land Rover,Defender 110,Defender 110
Land Rover,Defender 130,Defender 130
Land Rover,Defender 90,Defender 90
Land Rover,Defender Octa,Defender Octa
Land Rover,Discovery,Discovery
Land Rover,Discovery SVX,Discovery
Land Rover,Discovery Sport,Discovery
Land Rover,Freelander,Freelander
Land Rover,Range Rover,Range Rover
Land Rover,Range Rover 3 Doors,Range Rover
Land Rover,Range Rover Evoque,Range Rover
Land Rover,Range Rover Evoque Convertible,Range Rover Evoque
Land Rover,Range Rover L,Range Rover
Land Rover,Range Rover PHEV,Range Rover
Land Rover,Range Rover Sport,Range Rover
Land Rover,Range Rover Sport PHEV,Range Rover Sport
Land Rover,Range Rover Sport SVR,Range Rover Sport
Land Rover,Range Rover Velar,Range Rover
Lexus,CT,CT
Lexus,ES,ES
Lexus,GS,GS
Lexus,GS F,GS
Lexus,GX,GX
Lexus,HS,HS
Lexus,IS,IS
Lexus,LBX,LBX
Lexus,LC,LC
Lexus,LFA,LFA
Lexus,LM,LM
Lexus,LS,LS
Lexus,LX,LX
Lexus,NX,NX
Lexus,RC,RC
Lexus,RC F,RC
Lexus,RX,RX
Lexus,RZ,RZ
Lexus,SC,SC
Lexus,TX,TX
Lexus,UX,UX
Lightyear,Lightyear 0,Lightyear 0
Lightyear,Lightyear 2,Lightyear 2
Lincoln,Aviator,Aviator
Lincoln,Continental,Continental
Lincoln,Corsair,Corsair
Lincoln,LS,LS
Lincoln,MKC,MKC
Lincoln,MKS,MKS
Lincoln,MKT,MKT
Lincoln,MKX,MKX
Lincoln,MKZ,MKZ
Lincoln,Mark LT,Mark LT
Lincoln,Nautilus,Nautilus
Lincoln,Navigator,Navigator
Lincoln,Navigator L,Navigator
Lincoln,Town Car,Town Car
Lincoln,Zephyr,Zephyr
Lincoln,Zephyr Fastback,Zephyr
Lotus,2 Eleven,2 Eleven
Lotus,3 Eleven,3 Eleven
Lotus,Elan,Elan
Lotus,Eletre,Eletre
Lotus,Elise,Elise
Lotus,Elite,Elite
Lotus,Emeya,Emeya
Lotus,Emira,Emira
Lotus,Esprit,Esprit
Lotus,Europa,Europa
Lotus,Evija,Evija
Lotus,Evora,Evora
Lotus,Excel,Excel
Lotus,Exige,Exige
MG,F/ TF,F/ TF
MG,GS,GS
MG,HS,HS
MG,IM5,IM5
MG,IM6,IM6
MG,MG 3,MG 3
MG,MG 4,MG 4
MG,MG 5,MG 5
MG,MG 6,MG 6
MG,Marvel R,Marvel R
MG,S5 EV,S5 EV
MG,U9,U9
MG,XPower,XPower
MG,ZR 3 Doors,ZR
MG,ZR 5 Doors,ZR
MG,ZS,ZS
MG,ZS Hatchback,ZS
MG,ZS Sedan,ZS
MG,ZT,ZT
MG,ZT-T,ZT-T
MINI,Aceman,Aceman
MINI,Classic,Classic
MINI,Clubman,Clubman
MINI,Clubvan,Clubvan
MINI,Convertible,Convertible
MINI,Countryman,Countryman
MINI,Coupe,Coupe
MINI,Hatch,Hatch
MINI,Paceman,Paceman
MINI,Roadster,Roadster
Marussia,B1,B1
Marussia,B2,B2
Maruti Suzuki,800,800
Maruti Suzuki,Alto,Alto
Maruti Suzuki,Baleno,Baleno
Maruti Suzuki,Ciaz,Ciaz
Maruti Suzuki,Esteem,Esteem
Maruti Suzuki,Gipsy,Gipsy
Maruti Suzuki,Swift,Swift
Maruti Suzuki,Wagon R,Wagon R
Maruti Suzuki,Zen,Zen
Maserati,Bora,Bora
Maserati,Coupe,Coupe
Maserati,GT2 Stradale,GT2 Stradale
Maserati,Ghibli,Ghibli
Maserati,GranCabrio,GranCabrio
Maserati,GranSport,GranSport
Maserati,GranTurismo,GranTurismo
Maserati,Grecale,Grecale
Maserati,Grecale Trofeo,Grecale
Maserati,Indy,Indy
Maserati,Levante,Levante
Maserati,MC 12,MC 12
Maserati,MC20,MC20
Maserati,MCPura,MCPura
Maserati,MCPura Cielo,MCPura
Maserati,Merak,Merak
Maserati,Quattroporte,Quattroporte
Maserati,Quattroporte Sport GT S,Quattroporte
Maserati,Spyder,Spyder
Maybach,57,57
Maybach,62,62
Maybach,Landaulet,Landaulet
Maybach,Typ 12,Typ 12
Maybach,"Typ SW 35, SW 38 and SW 42","Typ SW 35, SW 38 and SW 42"
Maybach,"Typ W1, W2, W3, W5 and W5 SG","Typ W1, W2, W3, W5 and W5 SG"
Maybach,"Typ W6, W6 DSG and DSH","Typ W6, W6 DSG and DSH"
Maybach,Typ Zeppelin,Typ Zeppelin
Mazda,121,121
Mazda,2 / Demio,2 / Demio
Mazda,2 / Demio - 3 doors,2 / Demio
Mazda,2 / Demio - Sedan,2 / Demio
Mazda,3 / Axela Hatchback,3 / Axela
Mazda,3 / Axela Sedan,3 / Axela
Mazda,3 MPS / MAZDASPEED 3,3 MPS / MAZDASPEED 3
Mazda,323 Hatchback,323
Mazda,323 Sedan,323
Mazda,323 Station Wagon,323 Station Wagon
Mazda,5 / Premacy,5 / Premacy
Mazda,6 / Atenza Hatchback,6 / Atenza
Mazda,6 / Atenza Sedan,6 / Atenza
Mazda,6 / Atenza Wagon,6 / Atenza Wagon
Mazda,626 Hatchback,626
Mazda,626 Sedan,626
Mazda,626 Station Wagon,626 Station Wagon
Mazda,6e,6e
Mazda,B Series / Bravo Dual Cab,B Series / Bravo Dual Cab
Mazda,B Series / Bravo Freestyle Cab,B Series / Bravo Freestyle Cab
Mazda,BT-50,BT-50
Mazda,Biante,Biante
Mazda,CX-3,CX-3
Mazda,CX-30,CX-30
Mazda,CX-5,CX-5
Mazda,CX-50,CX-50
Mazda,CX-60,CX-60
Mazda,CX-6e,CX-6e
Mazda,CX-7,CX-7
Mazda,CX-70,CX-70
Mazda,CX-8,CX-8
Mazda,CX-80,CX-80
Mazda,CX-9,CX-9
Mazda,CX-90,CX-90
Mazda,Flair,Flair
Mazda,Flairwagon,Flairwagon
Mazda,MX-3,MX-3
Mazda,MX-30,MX-30
Mazda,MX-5 / Miata,MX-5 / Miata
Mazda,MX-6,MX-6
Mazda,RX-7,RX-7
Mazda,RX-8,RX-8
Mazda,Tribute,Tribute
Mazda,Verisa,Verisa
Mazda,Xedos 6,Xedos 6
Mazda,Xedos 9,Xedos 9
McLaren,12C GT Sprint,12C GT Sprint
McLaren,540C,540C
McLaren,570GT,570GT
McLaren,570S,570S
McLaren,570S Spider,570S
McLaren,600LT,600LT
McLaren,620R,620R
McLaren,650S,650S
McLaren,650S Spider,650S
McLaren,675LT,675LT
McLaren,675LT Spider,675LT
McLaren,720S,720S
McLaren,750S,750S
McLaren,765LT,765LT
McLaren,Artura,Artura
McLaren,Elva,Elva
McLaren,F1,F1
McLaren,F1 GT,F1
McLaren,F1 LM,F1
McLaren,GT,GT
McLaren,GTS,GTS
McLaren,MP4-12C,MP4-12C
McLaren,MP4-12C Spider,MP4-12C
McLaren,P1,P1
McLaren,Senna,Senna
McLaren,Speedtail,Speedtail
Mercedes-Benz,A-Class Sedan,A-Klasse
Mercedes-Benz,A-Klasse,A-Klasse
Mercedes-Benz,A-Klasse AMG,A-Klasse
Mercedes-Benz,A-Klasse Coupe,A-Klasse
Mercedes-Benz,A-Klasse Saloon,A-Klasse
Mercedes-Benz,B-Klasse,B-Klasse
Mercedes-Benz,C-Class Cabriolet,C-Class Cabriolet
Mercedes-Benz,C-Class EV,C-Class EV
Mercedes-Benz,C-Klasse AMG,C-Klasse
Mercedes-Benz,C-Klasse All-Terrain,C-Klasse All-Terrain
Mercedes-Benz,C-Klasse Coupe,C-Klasse
Mercedes-Benz,C-Klasse Coupe AMG,C-Klasse Coupe
Mercedes-Benz,C-Klasse SportCoupe AMG,C-Klasse SportCoupe AMG
Mercedes-Benz,C-Klasse SportCoupe/CLC,C-Klasse SportCoupe/CLC
Mercedes-Benz,C-Klasse T-Modell,C-Klasse
Mercedes-Benz,C-Klasse T-Modell AMG,C-Klasse T-Modell
Mercedes-Benz,C-Klasse and predecessors,C-Klasse
Mercedes-Benz,CL AMG,CL AMG
Mercedes-Benz,CL-Klasse and predecessors,CL-Klasse and predecessors
Mercedes-Benz,CLA 45,CLA 45
Mercedes-Benz,CLA Klasse,CLA Klasse
Mercedes-Benz,CLA Shooting Brake,CLA Shooting Brake
Mercedes-Benz,CLE Cabriolet,CLE
Mercedes-Benz,CLE Coupe,CLE
Mercedes-Benz,CLK AMG,CLK AMG
Mercedes-Benz,CLK AMG Cabrio,CLK AMG
Mercedes-Benz,CLK GTR,CLK GTR
Mercedes-Benz,CLS AMG,CLS AMG
Mercedes-Benz,CLS Shooting Brake,CLS Shooting Brake
Mercedes-Benz,CLS Shooting Brake AMG,CLS Shooting Brake
Mercedes-Benz,CLS-Klasse,CLS-Klasse
Mercedes-Benz,Citan,Citan
Mercedes-Benz,E-Class T-Modell All-Terrain,E-Class T-Modell All-Terrain
Mercedes-Benz,E-Klasse AMG,E-Klasse
Mercedes-Benz,E-Klasse Cabriolet and predecessors,E-Klasse Cabriolet and predecessors
Mercedes-Benz,E-Klasse Coupe and predecessors,E-Klasse Coupe and predecessors
Mercedes-Benz,E-Klasse T-Modell,E-Klasse
Mercedes-Benz,E-Klasse T-Modell AMG,E-Klasse T-Modell
Mercedes-Benz,E-Klasse and predecessors,E-Klasse and predecessors
Mercedes-Benz,EQA,EQA
Mercedes-Benz,EQB,EQB
Mercedes-Benz,EQC,EQC
Mercedes-Benz,EQE,EQE
Mercedes-Benz,EQE SUV,EQE
Mercedes-Benz,EQS,EQS
Mercedes-Benz,EQS SUV,EQS
Mercedes-Benz,EQS SUV Maybach,EQS
Mercedes-Benz,EQT,EQT
Mercedes-Benz,EQV,EQV
Mercedes-Benz,G-Klasse,G-Klasse
Mercedes-Benz,G-Klasse AMG,G-Klasse
Mercedes-Benz,G-Klasse Cabriolet,G-Klasse
Mercedes-Benz,G-Klasse Kurz,G-Klasse
Mercedes-Benz,"G1, G4, G5, L 1500 A, 170 VL, 170 VK","G1, G4, G5, L 1500 A, 170 VL, 170 VK"
Mercedes-Benz,GL-Klasse,GL-Klasse
Mercedes-Benz,GL-Klasse AMG,GL-Klasse
Mercedes-Benz,GLA,GLA
Mercedes-Benz,GLB,GLB
Mercedes-Benz,GLC Class,GLC Class
Mercedes-Benz,GLC Class Coupe,GLC Class
Mercedes-Benz,GLE-Class,GLE-Class
Mercedes-Benz,GLE-Class Coupe,GLE-Class
Mercedes-Benz,GLK-Klasse,GLK-Klasse
Mercedes-Benz,GLS Maybach,GLS-Class
Mercedes-Benz,GLS-Class,GLS-Class
Mercedes-Benz,Laundalet,Laundalet
Mercedes-Benz,M-Klasse,M-Klasse
Mercedes-Benz,M-Klasse AMG,M-Klasse
Mercedes-Benz,Maybach EQS SUV,EQS
Mercedes-Benz,Pullman,Pullman
Mercedes-Benz,R-Klasse,R-Klasse
Mercedes-Benz,R-Klasse AMG,R-Klasse
Mercedes-Benz,R-Klasse Lang,R-Klasse
Mercedes-Benz,S-Class Cabriolet,S-Class
Mercedes-Benz,S-Class Coupe AMG,S-Class
Mercedes-Benz,S-Class Maybach,S-Class
Mercedes-Benz,S-Klasse AMG,S-Klasse
Mercedes-Benz,S-Klasse Coupe,S-Klasse
Mercedes-Benz,S-Klasse and predecessors,S-Klasse and predecessors
Mercedes-Benz,SL AMG,SL AMG
Mercedes-Benz,SL Monogram Maybach,SL Monogram Maybach
Mercedes-Benz,SL-Klasse,SL-Klasse
Mercedes-Benz,SLC-Class,SLC-Class
Mercedes-Benz,SLK AMG,SLK AMG
Mercedes-Benz,SLK-Klasse,SLK-Klasse
Mercedes-Benz,SLR McLaren,SLR McLaren
Mercedes-Benz,SLS AMG,SLS AMG
Mercedes-Benz,T-Class,T-Class
Mercedes-Benz,Typ 12/55 - 14/60,Typ 12/55 - 14/60
Mercedes-Benz,"Typ 130, 150 and 170 H","Typ 130, 150 and 170 H"
Mercedes-Benz,Typ 170/170 V,Typ 170/170 V
Mercedes-Benz,Typ 200,Typ 200
Mercedes-Benz,"Typ 230, 260 D","Typ 230, 260 D"
Mercedes-Benz,Typ 290,Typ 290
Mercedes-Benz,Typ 320,Typ 320
Mercedes-Benz,Typ 380,Typ 380
Mercedes-Benz,Typ 500 K/ 540 K,Typ 500 K/ 540 K
Mercedes-Benz,Typ 770,Typ 770
Mercedes-Benz,Typ 8/38,Typ 8/38
Mercedes-Benz,Typ Mannheim,Typ Mannheim
Mercedes-Benz,Typ Nurburg,Typ Nurburg
Mercedes-Benz,"Typ S, SS, SSK, SSKL","Typ S, SS, SSK, SSKL"
Mercedes-Benz,Typ Stuttgart,Typ Stuttgart
Mercedes-Benz,V-Class and predecessors,V-Class and predecessors
Mercedes-Benz,VANEO,VANEO
Mercedes-Benz,VIANO,VIANO
Mercedes-Benz,VLE,VLE
Mercedes-Benz,Vito,Vito
Mercedes-Benz,X-Class,X-Class
Mercury,Cougar,Cougar
Mercury,Grand Marquis,Grand Marquis
Mercury,Marauder,Marauder
Mercury,Mariner,Mariner
Mercury,Milan,Milan
Mercury,Montego,Montego
Mercury,Monterey,Monterey
Mercury,Mountaineer,Mountaineer
Mercury,Sable,Sable
Mercury,Villager,Villager
Mitsubishi,3000 GT,3000 GT
Mitsubishi,ASX / RVR / Outlander Sport,ASX / RVR / Outlander Sport
Mitsubishi,Attrage,Attrage
Mitsubishi,Carisma Sedan,Carisma Sedan
Mitsubishi,Colt 3 Doors,Colt
Mitsubishi,Colt 5 Doors,Colt
Mitsubishi,Colt CZC,Colt CZC
Mitsubishi,Eclipse,Eclipse
Mitsubishi,Eclipse Cross,Eclipse
Mitsubishi,Eclipse Spyder,Eclipse
Mitsubishi,Endeavor,Endeavor
Mitsubishi,Galant,Galant
Mitsubishi,Galant Station Wagon,Galant
Mitsubishi,Grandis,Grandis
Mitsubishi,L 200,L 200
Mitsubishi,L300,L300
Mitsubishi,Lancer,Lancer
Mitsubishi,Lancer Combi,Lancer
Mitsubishi,Lancer Evolution,Lancer
Mitsubishi,Lancer Hatchback,Lancer
Mitsubishi,Mirage,Mirage
Mitsubishi,Mirage G4,Mirage
Mitsubishi,Outlander / Airtrek,Outlander / Airtrek
Mitsubishi,Pajero 3 Doors,Pajero
Mitsubishi,Pajero 5 Doors,Pajero
Mitsubishi,Pajero Pinin / Shogun Pinin / Montero iO,Pajero Pinin / Shogun Pinin / Montero iO
Mitsubishi,Raider Crew Cab,Raider Crew Cab
Mitsubishi,Raider Double Cab,Raider Double Cab
Mitsubishi,Sigma,Sigma
Mitsubishi,Space Runner,Space Runner
Mitsubishi,Space Star,Space Star
Mitsubishi,Starion,Starion
Mitsubishi,i-MiEV,i-MiEV
Morgan,3 wheeler,3 wheeler
Morgan,4/4 2 Seater,4/4 2 Seater
Morgan,4/4 4 Seater,4/4 4 Seater
Morgan,Aero 8,Aero 8
Morgan,Aero Coupe,Aero Coupe
Morgan,Aero SuperSports,Aero SuperSports
Morgan,AeroMax,AeroMax
Morgan,Plus 4,Plus 4
Morgan,Plus 8,Plus 8
Morgan,Plus Six,Plus Six
Morgan,Roadster,Roadster
NIO,EC6,EC6
NIO,EP9,EP9
NIO,ES6,ES6
NIO,ES8,ES8
NIO,ET7,ET7
Nissan,100 NX,100 NX
Nissan,200 SX,200 SX
Nissan,300 ZX,300 ZX
Nissan,350Z,350Z
Nissan,350Z Roadster,350Z
Nissan,370Z,370Z
Nissan,370Z Nismo,370Z
Nissan,370Z Roadster,370Z
Nissan,Almera / Pulsar 3 Doors,Almera / Pulsar
Nissan,Almera / Pulsar 5 Doors,Almera / Pulsar
Nissan,Almera / Pulsar Sedan,Almera / Pulsar
Nissan,Almera Tino,Almera Tino
Nissan,Altima,Altima
Nissan,Ariya,Ariya
Nissan,Armada,Armada
Nissan,Bluebird Hatchback,Bluebird
Nissan,Bluebird Sedan,Bluebird
Nissan,Bluebird Traveller,Bluebird Traveller
Nissan,Cube,Cube
Nissan,Elgrand,Elgrand
Nissan,GT-R,GT-R
Nissan,GT-R Nismo,GT-R
Nissan,Grand Livina,Grand Livina
Nissan,Juke,Juke
Nissan,Juke EV,Juke
Nissan,Juke Nismo,Juke
Nissan,Kicks,Kicks
Nissan,Leaf,Leaf
Nissan,Liberty,Liberty
Nissan,Maxima,Maxima
Nissan,Micra 3 Doors,Micra
Nissan,Micra 5 Doors,Micra
Nissan,Micra C+C,Micra C+C
Nissan,Murano,Murano
Nissan,Murano CrossCabriolet,Murano
Nissan,N7,N7
Nissan,NP300,NP300
Nissan,NV,NV
Nissan,Navara / Frontier Double Cab,Navara / Frontier Double Cab
Nissan,Navara / Frontier King Cab,Navara / Frontier King Cab
Nissan,Note,Note
Nissan,Pathfinder,Pathfinder
Nissan,Patrol LWB,Patrol LWB
Nissan,Patrol SWB,Patrol SWB
Nissan,Pixo,Pixo
Nissan,Platina,Platina
Nissan,Prairie,Prairie
Nissan,Primera Break,Primera Break
Nissan,Primera Hatchback,Primera
Nissan,Primera Sedan,Primera
Nissan,Qashqai,Qashqai
Nissan,Quest,Quest
Nissan,Rogue,Rogue
Nissan,Sakura,Sakura
Nissan,Sentra,Sentra
Nissan,Serena,Serena
Nissan,Skyline,Skyline
Nissan,Sunny,Sunny
Nissan,Sunny 3 Doors,Sunny
Nissan,Sunny Hatchback,Sunny
Nissan,Sunny Sedan,Sunny
Nissan,Sunny Traveller,Sunny
Nissan,Teana,Teana
Nissan,Terrano 3 Doors,Terrano
Nissan,Terrano 5 Doors,Terrano
Nissan,Tiida / Versa,Tiida / Versa
Nissan,Tiida / Versa Sedan,Tiida / Versa
Nissan,Titan Crew Cab,Titan Crew Cab
Nissan,Titan King Cab,Titan King Cab
Nissan,X-Trail,X-Trail
Nissan,XTerra,XTerra
Nissan,Z Nismo,Z Nismo
Oldsmobile,442 Convertible,442 Convertible
Oldsmobile,88,88
Oldsmobile,Alero coupe,Alero
Oldsmobile,Alero sedan,Alero
Oldsmobile,Aurora,Aurora
Oldsmobile,Bravada,Bravada
Oldsmobile,Curved Dash,Curved Dash
Oldsmobile,Cutlass,Cutlass
Oldsmobile,Intrigue,Intrigue
Oldsmobile,Silhouette,Silhouette
Oldsmobile,Toronado,Toronado
Opel,Adam,Adam
Opel,Adam Rocks,Adam
Opel,Agila,Agila
Opel,Ampera,Ampera
Opel,Antara,Antara
Opel,Astra 3 Doors,Astra
Opel,Astra 5 Doors,Astra
Opel,Astra Cabriolet,Astra
Opel,Astra Caravan,Astra Caravan
Opel,Astra Coupe,Astra
Opel,Astra GTC,Astra GTC
Opel,Astra OPC,Astra OPC
Opel,Astra Sedan,Astra
Opel,Astra Sports Tourer,Astra Sports Tourer
Opel,Astra Twin Top / Cabriolet,Astra Twin Top / Cabriolet
Opel,Calibra,Calibra
Opel,Cascada,Cascada
Opel,Combo,Combo
Opel,Corsa 3 Doors,Corsa
Opel,Corsa 5 Doors,Corsa
Opel,Corsa OPC,Corsa OPC
Opel,Crossland,Crossland
Opel,Frontera,Frontera
Opel,GT,GT
Opel,Grandland,Grandland
Opel,Insignia,Insignia
Opel,Insignia Country Tourer,Insignia
Opel,Insignia GSi,Insignia
Opel,Insignia OPC,Insignia
Opel,Insignia Sports Tourer,Insignia
Opel,Insignia Sports Tourer GSi,Insignia Sports Tourer
Opel,Insignia Sports Tourer OPC,Insignia Sports Tourer
Opel,Kadett 3 Doors,Kadett
Opel,Kadett 5 Doors,Kadett
Opel,Kadett Cabriolet,Kadett
Opel,Kadett Caravan,Kadett Caravan
Opel,Kadett Sedan,Kadett
Opel,Karl,Karl
Opel,Manta,Manta
Opel,Meriva,Meriva
Opel,Mokka,Mokka
Opel,Monterey,Monterey
Opel,Monza,Monza
Opel,Omega Caravan,Omega Caravan
Opel,Omega Sedan,Omega Sedan
Opel,Rekord Caravan,Rekord Caravan
Opel,Rekord Sedan,Rekord Sedan
Opel,Rocks-e,Rocks-e
Opel,Senator,Senator
Opel,Signum,Signum
Opel,Sintra,Sintra
Opel,Speedster,Speedster
Opel,Tigra,Tigra
Opel,Vectra Caravan,Vectra Caravan
Opel,Vectra Hatchback,Vectra
Opel,Vectra OPC,Vectra OPC
Opel,Vectra Sedan,Vectra
Opel,Zafira,Zafira
Pagani,Huayra,Huayra
Pagani,Huayra Roadster,Huayra
Pagani,Imola,Imola
Pagani,Utopia,Utopia
Pagani,Zonda Cinque,Zonda Cinque
Pagani,Zonda Cinque Roadster,Zonda Cinque
Pagani,Zonda F,Zonda F
Pagani,Zonda F Roadster,Zonda F
Pagani,Zonda Roadster,Zonda Roadster
Pagani,Zonda S,Zonda S
Panoz,Avezzano,Avezzano
Panoz,Esperante,Esperante
Panoz,Esperante GT,Esperante
Panoz,Esperante GTLM,Esperante
Panoz,Roadster,Roadster
Perodua,Alza,Alza
Perodua,Aruz,Aruz
Perodua,Axia,Axia
Perodua,Bezza,Bezza
Perodua,Myvi,Myvi
Peugeot,1007,1007
Peugeot,104,104
Peugeot,106,106
Peugeot,107 3 Doors,107
Peugeot,107 5 Doors,107
Peugeot,108,108
Peugeot,2008,2008
Peugeot,205,205
Peugeot,206 3 Doors,206
Peugeot,206 5 Doors,206
Peugeot,206 CC,206 CC
Peugeot,206 SW,206 SW
Peugeot,206 Sedan,206
Peugeot,206+ 3 Doors,206+
Peugeot,206+ 5 Doors,206+
Peugeot,207 3 Doors,207
Peugeot,207 5 Doors,207
Peugeot,207 CC,207 CC
Peugeot,207 SW,207 SW
Peugeot,208 3 doors,208
Peugeot,208 5 doors,208
Peugeot,208 GTI,208
Peugeot,208 XY,208 XY
Peugeot,3008,3008
Peugeot,301,301
Peugeot,306,306
Peugeot,307 3 Doors,307
Peugeot,307 5 Doors,307
Peugeot,307 CC,307 CC
Peugeot,307 SW,307 SW
Peugeot,307 Sedan,307
Peugeot,308 3 Doors,308
Peugeot,308 5 Doors,308
Peugeot,308 CC,308 CC
Peugeot,308 SW,308 SW
Peugeot,4007,4007
Peugeot,4008,4008
Peugeot,405,405
Peugeot,406,406
Peugeot,406 Break,406
Peugeot,406 Coupe,406
Peugeot,407,407
Peugeot,407 Coupe,407
Peugeot,407 SW,407
Peugeot,408 Fastback,408 Fastback
Peugeot,408 Sedan,408 Sedan
Peugeot,5008,5008
Peugeot,504,504
Peugeot,505,505
Peugeot,508,508
Peugeot,508 RXH,508
Peugeot,508 SW,508
Peugeot,604,604
Peugeot,605,605
Peugeot,607,607
Peugeot,806,806
Peugeot,807,807
Peugeot,Hoggar,Hoggar
Peugeot,Landtrek,Landtrek
Peugeot,Partner Combi,Partner Combi
Peugeot,Pick Up,Pick Up
Peugeot,RCZ,RCZ
Peugeot,RCZ R,RCZ
Peugeot,RIFTER,RIFTER
Peugeot,Tepee,Tepee
Peugeot,Traveller,Traveller
Peugeot,iOn,iOn
Plymouth,ACCLAIM,ACCLAIM
Plymouth,BARRACUDA,BARRACUDA
Plymouth,BREEZE,BREEZE
Plymouth,LASER,LASER
Plymouth,NEON COUPE,NEON
Plymouth,NEON SEDAN,NEON
Plymouth,VOYAGER,VOYAGER
Plymouth,Valiant,Valiant
Pontiac,Aztek,Aztek
Pontiac,Bonneville,Bonneville
Pontiac,Fiero,Fiero
Pontiac,Firebird,Firebird
Pontiac,G3,G3
Pontiac,G5,G5
Pontiac,G6,G6
Pontiac,G6 Convertible,G6
Pontiac,G6 Coupe,G6
Pontiac,G8,G8
Pontiac,GTO,GTO
Pontiac,Grand Am,Grand Am
Pontiac,Grand Prix,Grand Prix
Pontiac,Montana,Montana
Pontiac,Solstice,Solstice
Pontiac,Sunfire Cabrio,Sunfire
Pontiac,Sunfire Coupe,Sunfire
Pontiac,Sunfire Sedan,Sunfire
Pontiac,Torrent,Torrent
Pontiac,Trans Sport,Trans Sport
Pontiac,Vibe,Vibe
Porsche,718 Boxster,718 Boxster
Porsche,718 Boxster GTS,718 Boxster
Porsche,718 Boxster S,718 Boxster
Porsche,718 Cayman,718 Cayman
Porsche,718 Cayman GT4,718 Cayman
Porsche,718 Cayman GTS,718 Cayman
Porsche,718 Cayman S,718 Cayman
Porsche,718 Spyder,718 Spyder
Porsche,911 Carrera,911 Carrera
Porsche,911 Carrera 4,911 Carrera
Porsche,911 Carrera 4 Cabriolet,911 Carrera 4
Porsche,911 Carrera 4 GTS,911 Carrera 4
Porsche,911 Carrera 4 GTS Cabriolet,911 Carrera 4 GTS
Porsche,911 Carrera 4S,911 Carrera
Porsche,911 Carrera 4S Cabriolet,911 Carrera 4S
Porsche,911 Carrera Cabriolet,911 Carrera
Porsche,911 Carrera GTS,911 Carrera
Porsche,911 Carrera GTS Cabriolet,911 Carrera GTS
Porsche,911 Carrera RS,911 Carrera
Porsche,911 Carrera S,911 Carrera
Porsche,911 Carrera S Cabriolet,911 Carrera S
Porsche,911 Carrera T,911 Carrera
Porsche,911 GT2,911 GT2
Porsche,911 GT2 RS,911 GT2
Porsche,911 GT3,911 GT3
Porsche,911 GT3 RS,911 GT3
Porsche,911 R,911 R
Porsche,911 Sport Classic,911 Sport Classic
Porsche,911 Targa,911 Targa
Porsche,911 Targa 4,911 Targa
Porsche,911 Targa 4 GTS,911 Targa 4
Porsche,911 Targa 4S,911 Targa
Porsche,911 Turbo,911 Turbo
Porsche,911 Turbo Cabriolet,911 Turbo
Porsche,911 Turbo S,911 Turbo
Porsche,911 Turbo S Cabriolet,911 Turbo S
Porsche,918,918
Porsche,928,928
Porsche,928 GT,928
Porsche,928 GTS,928
Porsche,928 S,928
Porsche,944,944
Porsche,944 S,944
Porsche,944 Turbo,944
Porsche,959,959
Porsche,968,968
Porsche,968 Cabriolet,968
Porsche,968 Turbo S,968
Porsche,Boxster,Boxster
Porsche,Boxster S,Boxster
Porsche,Boxster Spyder,Boxster
Porsche,Carrera GT,Carrera GT
Porsche,Cayenne,Cayenne
Porsche,Cayenne Coupe,Cayenne
Porsche,Cayenne Diesel,Cayenne
Porsche,Cayenne Electric,Cayenne
Porsche,Cayenne GTS,Cayenne
Porsche,Cayenne GTS Coupe,Cayenne GTS
Porsche,Cayenne S,Cayenne
Porsche,Cayenne S Diesel,Cayenne S
Porsche,Cayenne S E-Hybrid,Cayenne S
Porsche,Cayenne S Electric,Cayenne S
Porsche,Cayenne S Hybrid,Cayenne S
Porsche,Cayenne S TransSyberia,Cayenne S
Porsche,Cayenne Turbo,Cayenne
Porsche,Cayenne Turbo Coupe,Cayenne Turbo
Porsche,Cayenne Turbo E-Hybrid,Cayenne Turbo
Porsche,Cayenne Turbo E-Hybrid Coupe,Cayenne Turbo E-Hybrid
Porsche,Cayenne Turbo S,Cayenne Turbo
Porsche,Cayenne Turbo S E-Hybrid,Cayenne Turbo S
Porsche,Cayman,Cayman
Porsche,Cayman R,Cayman
Porsche,Cayman S,Cayman
Porsche,Macan,Macan
Porsche,Macan 4 Electric,Macan
Porsche,Macan GTS,Macan
Porsche,Macan S,Macan
Porsche,Macan S Diesel,Macan S
Porsche,Macan T,Macan
Porsche,Macan Turbo,Macan
Porsche,Macan Turbo Electric,Macan Turbo
Porsche,Panamera,Panamera
Porsche,Panamera 4,Panamera
Porsche,Panamera 4 E-Hybrid,Panamera 4
Porsche,Panamera 4 E-Hybrid Sport Turismo,Panamera 4 E-Hybrid
Porsche,Panamera 4 Sport Turismo,Panamera 4
Porsche,Panamera 4S,Panamera
Porsche,Panamera 4S Diesel,Panamera 4S
Porsche,Panamera 4S Diesel Sport Turismo,Panamera 4S Diesel
Porsche,Panamera 4S E-Hybrid,Panamera 4S
Porsche,Panamera 4S Sport Turismo,Panamera 4S
Porsche,Panamera Diesel,Panamera
Porsche,Panamera GTS,Panamera
Porsche,Panamera GTS Sport Turismo,Panamera GTS
Porsche,Panamera S,Panamera
Porsche,Panamera S E-Hybrid,Panamera S
Porsche,Panamera S Hybrid,Panamera S
Porsche,Panamera Turbo,Panamera
Porsche,Panamera Turbo E Hybrid,Panamera Turbo
Porsche,Panamera Turbo S,Panamera Turbo
Porsche,Panamera Turbo S E-Hybrid,Panamera Turbo S
Porsche,Panamera Turbo S E-Hybrid Sport Turismo,Panamera Turbo S E-Hybrid
Porsche,Panamera Turbo S Sport Turismo,Panamera Turbo S
Porsche,Panamera Turbo Sport Turismo,Panamera Turbo
Porsche,Speedster,Speedster
Porsche,Taycan,Taycan
Porsche,Taycan Cross Turismo,Taycan
Porsche,Taycan GTS,Taycan
Porsche,Taycan GTS Sport Turismo,Taycan GTS
Porsche,Taycan Sport Turismo,Taycan
Porsche,Taycan Turbo,Taycan
Proton,Arena / Jumbuck,Arena / Jumbuck
Proton,Ertiga,Ertiga
Proton,Exora,Exora
Proton,Gen-2,Gen-2
Proton,Inspira,Inspira
Proton,Iriz,Iriz
Proton,Perdana,Perdana
Proton,Persona,Persona
Proton,Preve,Preve
Proton,Saga,Saga
Proton,Satria Neo,Satria Neo
Proton,Savvy,Savvy
Proton,Suprima S,Suprima S
Proton,Waja / Impian,Waja / Impian
Qoros,3,3
Qoros,5,5
Renault,11,11
Renault,12,12
Renault,14,14
Renault,16,16
Renault,18,18
Renault,19,19
Renault,20,20
Renault,21,21
Renault,25,25
Renault,30,30
Renault,4 CV,4 CV
Renault,4 E-Tech,4 E-Tech
Renault,5,5
Renault,5 E-Tech,5
Renault,8,8
Renault,9,9
Renault,Alaskan,Alaskan
Renault,Alpine,Alpine
Renault,Arkana,Arkana
Renault,Austral,Austral
Renault,Avantime,Avantime
Renault,Boreal,Boreal
Renault,Captur,Captur
Renault,City K-ZE,City K-ZE
Renault,Clio 3 Doors,Clio
Renault,Clio 5 Doors,Clio
Renault,Clio Estate,Clio
Renault,Clio RS,Clio
Renault,Clio Symbol / Thalia,Clio
Renault,Duster OROCH,Duster OROCH
Renault,Espace,Espace
Renault,Filante,Filante
Renault,Fluence,Fluence
Renault,Fuego,Fuego
Renault,Grand Kangoo,Grand Kangoo
Renault,Grand Modus,Grand Modus
Renault,Grand Scenic,Grand Scenic
Renault,Kadjar,Kadjar
Renault,Kangoo,Kangoo
Renault,Kardian,Kardian
Renault,Kiger,Kiger
Renault,Koleos,Koleos
Renault,Kwid,Kwid
Renault,Laguna,Laguna
Renault,Laguna Coupe,Laguna
Renault,Laguna Estate,Laguna
Renault,Latitude,Latitude
Renault,Logan,Logan
Renault,Megane 5 Doors,Megane
Renault,Megane Cabriolet,Megane
Renault,Megane Coupe,Megane
Renault,Megane E-Tech,Megane
Renault,Megane Estate,Megane
Renault,Megane Sedan,Megane
Renault,Modus,Modus
Renault,Pulse,Pulse
Renault,Rafale,Rafale
Renault,SCENIC XMOD,Scenic
Renault,Safrane,Safrane
Renault,Sandero,Sandero
Renault,Sandero GT,Sandero
Renault,Scala,Scala
Renault,Scenic,Scenic
Renault,Spider,Spider
Renault,Symbioz,Symbioz
Renault,Talisman,Talisman
Renault,Talisman Estate,Talisman
Renault,Triber,Triber
Renault,Twingo,Twingo
Renault,Twingo RS,Twingo
Renault,Twizy,Twizy
Renault,Vel Satis,Vel Satis
Renault,Wind,Wind
Renault,ZOE,ZOE
Rimac,Nevera,Nevera
Rivian,R1S,R1S
Rivian,R1T,R1T
Rivian,R2,R2
Rivian,R3,R3
Rivian,R3X,R3X
Rolls-Royce,Arcadia,Arcadia
Rolls-Royce,Camargue,Camargue
Rolls-Royce,Corniche,Corniche
Rolls-Royce,Cullinan,Cullinan
Rolls-Royce,Dawn,Dawn
Rolls-Royce,Flying Spur,Flying Spur
Rolls-Royce,Ghost,Ghost
Rolls-Royce,La Rose Noire,La Rose Noire
Rolls-Royce,Park Ward,Park Ward
Rolls-Royce,Phantom,Phantom
Rolls-Royce,Silver Dawn,Silver Dawn
Rolls-Royce,Silver Seraph,Silver Seraph
Rolls-Royce,Silver Shadow,Silver Shadow
Rolls-Royce,Silver Shadow Coupe,Silver Shadow
Rolls-Royce,Silver Spirit,Silver Spirit
Rolls-Royce,Silver Spur,Silver Spur
Rolls-Royce,Spectre,Spectre
Rolls-Royce,Wraith,Wraith
Rover,100 Cabrio,100 Cabrio
SEAT,Alhambra,Alhambra
SEAT,Altea,Altea
SEAT,Arona,Arona
SEAT,Arosa,Arosa
SEAT,Ateca,Ateca
SEAT,Cordoba,Cordoba
SEAT,Cordoba Cupra,Cordoba
SEAT,Cordoba SX,Cordoba
SEAT,Cordoba Vario,Cordoba
SEAT,Exeo,Exeo
SEAT,Exeo ST,Exeo
SEAT,Ibiza,Ibiza
SEAT,Ibiza 3 Doors,Ibiza
SEAT,Ibiza 5 Doors,Ibiza
SEAT,Ibiza Bocanegra,Ibiza
SEAT,Ibiza Cupra,Ibiza
SEAT,Ibiza FR,Ibiza
SEAT,Ibiza ST,Ibiza
SEAT,Leon,Leon
SEAT,Leon Cupra,Leon
SEAT,Leon Cupra R,Leon Cupra
SEAT,Leon FR / Topsport,Leon
SEAT,Leon SC,Leon
SEAT,Leon ST Cupra,Leon
SEAT,Leon ST Estate,Leon
SEAT,Leon X-Perience,Leon
SEAT,Malaga,Malaga
SEAT,Marbella,Marbella
SEAT,Mii,Mii
SEAT,Tarraco,Tarraco
SEAT,Toledo,Toledo
Saab,9-2X,9-2X
Saab,9-3 Aero,9-3 Aero
Saab,9-3 Convertible,9-3 Convertible
Saab,9-3 Coupe,9-3 Coupe
Saab,9-3 Sport Sedan,9-3 Sport Sedan
Saab,9-3 SportCombi,9-3 SportCombi
Saab,9-3X,9-3X
Saab,9-5,9-5
Saab,9-5 SportCombi,9-5
Saab,9-7X,9-7X
Saab,90,90
Saab,900,900
Saab,900 Cabrio,900
Saab,9000,9000
Saleen,S7,S7
Saleen,S7TT,S7TT
Samsung,SM 3,SM 3
Samsung,SM 5,SM 5
Samsung,SM 7,SM 7
Santana,300 - 350,300 - 350
Santana,PS 10 Pickup,PS 10 Pickup
Santana,PS 10 Plus,PS 10 Plus
Santana,PS 10 Shortline,PS 10 Shortline
Saturn,Astra,Astra
Saturn,Aura,Aura
Saturn,Ion Quad Coupe,Ion Quad Coupe
Saturn,Ion Sedan,Ion Sedan
Saturn,Outlook,Outlook
Saturn,Relay,Relay
Saturn,Sky,Sky
Saturn,Vue,Vue
Scion,FR-S,FR-S
Scion,iA,iA
Scion,iM,iM
Scion,iQ,iQ
Scion,tC,tC
Scion,xA,xA
Scion,xB,xB
Scion,xD,xD
Scout Motors,Terra,Terra
Scout Motors,Traveler,Traveler
Smart,1,1
Smart,3,3
Smart,5,5
Smart,Electric Drive,Electric Drive
Smart,Roadster,Roadster
Smart,Roadster Brabus,Roadster
Smart,Roadster Coupe,Roadster
Smart,Roadster Coupe Brabus,Roadster Coupe
Smart,crossblade,crossblade
Smart,forfour,forfour
Smart,forfour Brabus,forfour
Smart,fortwo,fortwo
Smart,fortwo Brabus,fortwo
Smart,fortwo Cabrio,fortwo
Smart,fortwo Cabrio Brabus,fortwo Cabrio
Spyker,C12 LaTurbie,C12 LaTurbie
Spyker,C8 Double 12 S,C8 Double 12 S
Spyker,C8 Laviolette,C8 Laviolette
Spyker,C8 Preliator,C8 Preliator
Spyker,C8 Spyder,C8 Spyder
SsangYong,Actyon,Actyon
SsangYong,Chairman,Chairman
SsangYong,Korando,Korando
SsangYong,Kyron,Kyron
SsangYong,Musso,Musso
SsangYong,Musso Sports,Musso
SsangYong,Rexton,Rexton
SsangYong,Rodius,Rodius
SsangYong,Tivoli,Tivoli
SsangYong,Tivoli XLV,Tivoli
Subaru,360,360
Subaru,Ascent,Ascent
Subaru,BRZ,BRZ
Subaru,Baja,Baja
Subaru,Crosstrek,Crosstrek
Subaru,Exiga Liberty,Exiga Liberty
Subaru,Forester,Forester
Subaru,Getaway,Getaway
Subaru,Impreza,Impreza
Subaru,Impreza WRX STi,Impreza
Subaru,Justy,Justy
Subaru,Legacy,Legacy
Subaru,Legacy Wagon,Legacy
Subaru,Levorg,Levorg
Subaru,Liberty,Liberty
Subaru,Mini Jumbo,Mini Jumbo
Subaru,Outback,Outback
Subaru,Outback Wilderness,Outback
Subaru,R1,R1
Subaru,R2,R2
Subaru,SVX,SVX
Subaru,Solterra,Solterra
Subaru,Stella,Stella
Subaru,Trezia,Trezia
Subaru,Tribeca,Tribeca
Subaru,Uncharted,Uncharted
Subaru,Vivio,Vivio
Subaru,WRX,WRX
Subaru,XV,XV
Suzuki,APV,APV
Suzuki,Across,Across
Suzuki,Aerio / Liana Hatchback,Aerio / Liana
Suzuki,Aerio / Liana Sedan,Aerio / Liana
Suzuki,Alto,Alto
Suzuki,Baleno,Baleno
Suzuki,Equator,Equator
Suzuki,Ertiga,Ertiga
Suzuki,Escudo / Grand Vitara 3 Doors,Escudo / Grand Vitara
Suzuki,Escudo / Grand Vitara 5 Doors,Escudo / Grand Vitara
Suzuki,Escudo / Vitara 3 Doors,Escudo / Vitara 3 Doors
Suzuki,Forenza Sedan,Forenza Sedan
Suzuki,Forenza Wagon,Forenza Wagon
Suzuki,Ignis,Ignis
Suzuki,Jimny,Jimny
Suzuki,Kizashi,Kizashi
Suzuki,Reno,Reno
Suzuki,S-Cross,S-Cross
Suzuki,SX4 Crossover,SX4 Crossover
Suzuki,SX4 Sedan,SX4 Sedan
Suzuki,Splash,Splash
Suzuki,Swace,Swace
Suzuki,Swift 3 Doors,Swift
Suzuki,Swift 5 Doors,Swift
Suzuki,Swift Cabriolet,Swift
Suzuki,Swift Sedan,Swift
Suzuki,Verona,Verona
Suzuki,Vitara,Vitara
Suzuki,Wagon R,Wagon R
Suzuki,X90,X90
Suzuki,XL7,XL7
TVR,"""Wedge Series""","""Wedge Series"""
TVR,Cerbera,Cerbera
TVR,Chimaera,Chimaera
TVR,Griffith,Griffith
TVR,Sagaris,Sagaris
TVR,T350,T350
TVR,Tamora,Tamora
TVR,Tuscan,Tuscan
TVR,Tuscan R/ T 440R/T 400R/ Typhon,Tuscan
TVR,Tuscan S,Tuscan
TVR,Tuscan S Convertible,Tuscan S
Tata Motors,Altroz,Altroz
Tata Motors,Aria,Aria
Tata Motors,Harrier,Harrier
Tata Motors,Indica,Indica
Tata Motors,Indigo,Indigo
Tata Motors,Indigo SW,Indigo
Tata Motors,Nano,Nano
Tata Motors,Nexon,Nexon
Tata Motors,Safari,Safari
Tata Motors,Sumo,Sumo
Tata Motors,Telcoline Double Cab,Telcoline Double Cab
Tesla,Cybertruck,Cybertruck
Tesla,Model 3,Model 3
Tesla,Model S,Model S
Tesla,Model X,Model X
Tesla,Model Y,Model Y
Tesla,Roadster,Roadster
Togg,T10F,T10F
Togg,T10X,T10X
Toyota,4Runner,4Runner
Toyota,Agya,Agya
Toyota,Alphard,Alphard
Toyota,Aqua,Aqua
Toyota,Aurion,Aurion
Toyota,Auris 3 Doors,Auris
Toyota,Auris 5 Doors,Auris
Toyota,Auris Touring,Auris
Toyota,Avalon,Avalon
Toyota,Avensis,Avensis
Toyota,Avensis Liftback,Avensis
Toyota,Avensis Verso,Avensis
Toyota,Avensis Wagon,Avensis
Toyota,Aygo 3 Doors,Aygo
Toyota,Aygo 5 Doors,Aygo
Toyota,Aygo X,Aygo X
Toyota,C-HR,C-HR
Toyota,Camry,Camry
Toyota,Celica,Celica
Toyota,Celica Convertible,Celica
Toyota,Century SUV,Century SUV
Toyota,Century Sedan,Century Sedan
Toyota,Corolla,Corolla
Toyota,Corolla (US),Corolla
Toyota,Corolla 3 Doors,Corolla
Toyota,Corolla 5 Doors,Corolla
Toyota,Corolla Cross,Corolla
Toyota,Corolla Cross (US),Corolla Cross
Toyota,Corolla Liftback,Corolla
Toyota,Corolla Sedan,Corolla
Toyota,Corolla Touring,Corolla
Toyota,Corolla Verso,Corolla
Toyota,Corolla Wagon,Corolla
Toyota,Crown,Crown
Toyota,Crown Estate,Crown
Toyota,Crown SUV,Crown
Toyota,Etios,Etios
Toyota,Etios Liva,Etios
Toyota,FJ Cruiser,FJ Cruiser
Toyota,Fortuner,Fortuner
Toyota,GR 86,GR 86
Toyota,GR Corolla,GR Corolla
Toyota,GR Supra,GR Supra
Toyota,GR Yaris,GR Yaris
Toyota,GT 86,GT 86
Toyota,Grand Highlander,Grand Highlander
Toyota,Harrier,Harrier
Toyota,Highlander / Kluger,Highlander / Kluger
Toyota,Hilux,Hilux
Toyota,Hilux Double Cab,Hilux
Toyota,Hilux Extra Cab,Hilux
Toyota,Hilux Single Cab,Hilux
Toyota,Innova,Innova
Toyota,Land Cruiser / Prado,Land Cruiser / Prado
Toyota,Land Cruiser V8 and predecessors,Land Cruiser V8 and predecessors
Toyota,MR2,MR2
Toyota,MR2 Cabriolet,MR2
Toyota,Matrix,Matrix
Toyota,Mirai,Mirai
Toyota,Paseo,Paseo
Toyota,Picnic,Picnic
Toyota,Previa / Estima,Previa / Estima
Toyota,Prius,Prius
Toyota,Prius C (Aqua),Prius
Toyota,Prius Prime,Prius
Toyota,Prius v/Prius+,Prius
Toyota,RAV4 3 Doors,RAV4
Toyota,RAV4 5 Doors,RAV4
Toyota,Rukus,Rukus
Toyota,Sequoia,Sequoia
Toyota,Sienna,Sienna
Toyota,Solara Convertible,Solara Convertible
Toyota,Starlet 3 Doors,Starlet
Toyota,Starlet 5 Doors,Starlet
Toyota,Supra,Supra
Toyota,Tacoma,Tacoma
Toyota,Tundra,Tundra
Toyota,Urban Cruiser,Urban Cruiser
Toyota,VERSO-S,VERSO-S
Toyota,Venza,Venza
Toyota,Verso,Verso
Toyota,Vios,Vios
Toyota,Yaris 3 Doors,Yaris
Toyota,Yaris 5 Doors,Yaris
Toyota,Yaris Cross,Yaris Cross
Toyota,Yaris Hatchback,Yaris
Toyota,Yaris Sedan,Yaris
Toyota,Yaris TS 3 Doors,Yaris TS
Toyota,Yaris TS 5 Doors,Yaris TS
Toyota,Yaris Verso,Yaris Verso
Toyota,bZ (US),bZ (US)
Toyota,bZ4X,bZ4X
Toyota,bZ4X Touring,bZ4X
Toyota,iQ,iQ
Vauxhall,Agila,Agila
Vauxhall,Antara,Antara
Vauxhall,Astra Estate,Astra
Vauxhall,Astra Hatchback,Astra
Vauxhall,Astra Sport Hatch,Astra Sport Hatch
Vauxhall,Astra Twin Top,Astra Twin Top
Vauxhall,Astra VXR,Astra VXR
Vauxhall,Corsa 3 Doors,Corsa
Vauxhall,Corsa 5 Doors,Corsa
Vauxhall,Corsa VXR,Corsa VXR
Vauxhall,Crossland X,Crossland X
Vauxhall,Grandland,Grandland
Vauxhall,Insignia Country Tourer,Insignia Country Tourer
Vauxhall,Insignia Hatchback,Insignia
Vauxhall,Insignia Sedan,Insignia
Vauxhall,Insignia Sports Tourer,Insignia Sports Tourer
Vauxhall,Insignia VXR Sedan,Insignia VXR Sedan
Vauxhall,Insignia VXR Sports Tourer,Insignia VXR Sports Tourer
Vauxhall,Meriva,Meriva
Vauxhall,Meriva VXR,Meriva
Vauxhall,Mokka,Mokka
Vauxhall,Mokka X,Mokka
Vauxhall,Monaro,Monaro
Vauxhall,Monaro VXR,Monaro
Vauxhall,Signum,Signum
Vauxhall,Tigra Twin Top,Tigra Twin Top
Vauxhall,VX 220,VX 220
Vauxhall,VXR8,VXR8
Vauxhall,Vectra Estate,Vectra
Vauxhall,Vectra Estate VXR,Vectra Estate
Vauxhall,Vectra Hatchback,Vectra
Vauxhall,Vectra Saloon,Vectra
Vauxhall,Vectra VXR,Vectra VXR
Vauxhall,Viva,Viva
Vauxhall,Zafira,Zafira
Vauxhall,Zafira VXR,Zafira
Volkswagen,Amarok,Amarok
Volkswagen,Ameo,Ameo
Volkswagen,Arteon,Arteon
Volkswagen,Arteon Shooting Brake,Arteon
Volkswagen,Atlas,Atlas
Volkswagen,Atlas Cross Sport,Atlas
Volkswagen,Beetle,Beetle
Volkswagen,Beetle Cabrio,Beetle
Volkswagen,CC,CC
Volkswagen,Caddy,Caddy
Volkswagen,Corrado,Corrado
Volkswagen,Cross UP!,Cross UP!
Volkswagen,Derby,Derby
Volkswagen,Eos,Eos
Volkswagen,Fox,Fox
Volkswagen,Gol,Gol
Volkswagen,Golf 3 Doors,Golf
Volkswagen,Golf 5 Doors,Golf
Volkswagen,Golf Alltrack,Golf
Volkswagen,Golf Cabrio,Golf
Volkswagen,Golf GTD Variant,Golf
Volkswagen,Golf GTI / GTD / GTE,Golf
Volkswagen,Golf GTI cabrio,Golf
Volkswagen,Golf Plus,Golf
Volkswagen,Golf R,Golf
Volkswagen,Golf R Cabrio,Golf
Volkswagen,Golf R Variant,Golf
Volkswagen,Golf Sportsvan,Golf
Volkswagen,Golf Variant,Golf
Volkswagen,ID. Buzz,ID. Buzz
Volkswagen,ID.3,ID.3
Volkswagen,ID.3 GTX,ID.3
Volkswagen,ID.4,ID.4
Volkswagen,ID.5,ID.5
Volkswagen,ID.5 GTX,ID.5
Volkswagen,ID.7,ID.7
Volkswagen,ID.7 GTX,ID.7
Volkswagen,ID.7 GTX Tourer,ID.7 GTX
Volkswagen,ID.7 Tourer,ID.7
Volkswagen,Jetta / Vento / Bora,Jetta
Volkswagen,Jetta GLI,Jetta
Volkswagen,Lavida (China),Lavida (China)
Volkswagen,Lupo,Lupo
Volkswagen,Multivan,Multivan
Volkswagen,Nivus,Nivus
Volkswagen,Passat,Passat
Volkswagen,Passat 3 Doors,Passat
Volkswagen,Passat Alltrack,Passat
Volkswagen,Passat GTE,Passat
Volkswagen,Passat Hatchback,Passat
Volkswagen,Passat R,Passat
Volkswagen,Passat Variant,Passat
Volkswagen,Passat Variant GTE,Passat
Volkswagen,Phaeton,Phaeton
Volkswagen,Pointer,Pointer
Volkswagen,Polo 3 Doors,Polo
Volkswagen,Polo 5 Doors,Polo
Volkswagen,Polo BlueGT,Polo
Volkswagen,Polo Coupe,Polo
Volkswagen,Polo GTI,Polo
Volkswagen,Polo Sedan,Polo
Volkswagen,Polo Variant,Polo
Volkswagen,Routan,Routan
Volkswagen,Santana,Santana
Volkswagen,Scirocco,Scirocco
Volkswagen,Scirocco R,Scirocco
Volkswagen,Sharan,Sharan
Volkswagen,T-Cross,T-Cross
Volkswagen,T-Roc,T-Roc
Volkswagen,T-Roc Cabriolet,T-Roc
Volkswagen,T-Roc R,T-Roc
Volkswagen,Taigo,Taigo
Volkswagen,Taos,Taos
Volkswagen,Tayron,Tayron
Volkswagen,Tiguan,Tiguan
Volkswagen,Tiguan (US),Tiguan
Volkswagen,Tiguan Allspace,Tiguan
Volkswagen,Touareg,Touareg
Volkswagen,Touareg R,Touareg
Volkswagen,Touran,Touran
Volkswagen,Transporter Kombi,Transporter Kombi
Volkswagen,Vento,Vento
Volkswagen,XL1,XL1
Volkswagen,e-Golf,Golf
Volkswagen,e-UP!,up!
Volkswagen,up!,up!
Volkswagen,up! GTI,up!
Volvo,142,142
Volvo,144,144
Volvo,145,145
Volvo,244,244
Volvo,245,245
Volvo,262,262
Volvo,264,264
Volvo,265,265
Volvo,343,343
Volvo,345,345
Volvo,440,440
Volvo,460,460
Volvo,480,480
Volvo,66,66
Volvo,760,760
Volvo,760 Estate,760
Volvo,780,780
Volvo,850,850
Volvo,850 Estate,850
Volvo,940,940
Volvo,940 Estate,940
Volvo,960,960
Volvo,960 Estate,960
Volvo,C30,C30
Volvo,C40,C40
Volvo,C70,C70
Volvo,C70 Convertible,C70
Volvo,C70 Coupe,C70
Volvo,EM90,EM90
Volvo,ES90,ES90
Volvo,EX30,EX30
Volvo,EX30 Cross Country,EX30
Volvo,EX60,EX60
Volvo,EX60 Cross Country,EX60
Volvo,EX90,EX90
Volvo,P1800,P1800
Volvo,S40,S40
Volvo,S60,S60
Volvo,S60 Cross Country,S60
Volvo,S60 Polestar,S60
Volvo,S70,S70
Volvo,S80,S80
Volvo,S90,S90
Volvo,V40,V40
Volvo,V40 Cross Country,V40
Volvo,V50,V50
Volvo,V60,V60
Volvo,V60 Cross Country,V60
Volvo,V60 Polestar,V60
Volvo,V70,V70
Volvo,V90,V90
Volvo,V90 Cross Country,V90
Volvo,XC40,XC40
Volvo,XC60,XC60
Volvo,XC60 Polestar,XC60
Volvo,XC70,XC70
Volvo,XC90,XC90
Wiesmann,GT MF4,GT MF4
Wiesmann,GT MF4-CS,GT MF4-CS
Wiesmann,GT MF4-S,GT MF4-S
Wiesmann,GT MF5,GT MF5
Wiesmann,MF4 Roadster,MF4 Roadster
Wiesmann,MF4-S Roadster,MF4-S Roadster
Wiesmann,MF5 Roadster,MF5 Roadster
Zender,Escape 6,Escape 6
Zender,Fact 4 BiTurbo,Fact 4 BiTurbo
Zender,Fact 4 Spider,Fact 4 Spider
Zender,Progetto 5,Progetto 5
Zender,Straight 8,Straight 8
Zender,Thirty 7,Thirty 7
Škoda,100 series,100 series
Škoda,860,860
Škoda,Citigo,Citigo
Škoda,Elroq,Elroq
Škoda,Elroq RS,Elroq
Škoda,Enyaq,Enyaq
Škoda,Enyaq Coupe,Enyaq
Škoda,Enyaq Coupe RS,Enyaq Coupe
Škoda,Enyaq RS,Enyaq
Škoda,Fabia,Fabia
Škoda,Fabia Combi,Fabia
Škoda,Fabia Combi RS,Fabia Combi
Škoda,Fabia RS,Fabia
Škoda,Fabia Sedan,Fabia
Škoda,Favorit,Favorit
Škoda,Favorit Estate,Favorit
Škoda,Felicia,Felicia
Škoda,Felicia Combi,Felicia
Škoda,Kamiq,Kamiq
Škoda,Karoq,Karoq
Škoda,Kodiaq,Kodiaq
Škoda,Kodiaq RS,Kodiaq
Škoda,Kushaq,Kushaq
Škoda,Kylaq,Kylaq
Škoda,Octavia,Octavia
Škoda,Octavia Combi,Octavia
Škoda,Octavia Combi 4x4,Octavia Combi
Škoda,Octavia Combi RS,Octavia Combi
Škoda,Octavia RS,Octavia
Škoda,Octavia Scout,Octavia
Škoda,Rapid,Rapid
Škoda,Rapid Spaceback,Rapid
Škoda,Roomster,Roomster
Škoda,Scala,Scala
Škoda,Slavia,Slavia
Škoda,Superb,Superb
Škoda,Superb Combi / Scout,Superb
Škoda,Yeti,Yeti
